
################################################################
[1m[32mInstall script for stable-diffusion + Web UI
[1m[34mTested on Debian 11 (Bullseye), Fedora 34+ and openSUSE Leap 15.4 or newer.[0m
################################################################

################################################################
Running on [1m[32mdev[0m user
################################################################

################################################################
Repo already cloned, using it as install directory
################################################################

################################################################
python venv already activate or run without venv: /home/dev/work/media/stablediffusion/stable-diffusion-webui-ux-arch/.venv
################################################################

################################################################
Launching launch.py...
################################################################
glibc version is 2.42
Check TCMalloc: libtcmalloc_minimal.so.4
libtcmalloc_minimal.so.4 is linked with libc.so,execute LD_PRELOAD=/usr/lib/libtcmalloc_minimal.so.4
fatal: No names found, cannot describe anything.
Python 3.10.16 (main, Mar 17 2025, 21:01:46) [Clang 20.1.0 ]
Version: 1.10.1
Commit hash: 8568161843bf33dab2ba48a6e3532a66685c87da
Launching Web UI with arguments: --skip-python-version-check --xformers
/home/dev/work/media/stablediffusion/stable-diffusion-webui-ux-arch/.venv/lib/python3.10/site-packages/timm/models/layers/__init__.py:48: FutureWarning: Importing from timm.models.layers is deprecated, please import via timm.layers
  warnings.warn(f"Importing from {__name__} is deprecated, please import via timm.layers", FutureWarning)
reading lora /home/dev/work/media/stablediffusion/stable-diffusion-webui-ux-arch/models/Lora/00ps_XL.safetensors: FileNotFoundError
Traceback (most recent call last):
  File "/home/dev/work/media/stablediffusion/stable-diffusion-webui-ux-arch/extensions-builtin/Lora/network.py", line 38, in __init__
    self.metadata = cache.cached_data_for_file('safetensors-metadata', "lora/" + self.name, filename, read_metadata)
  File "/home/dev/work/media/stablediffusion/stable-diffusion-webui-ux-arch/modules/cache.py", line 105, in cached_data_for_file
    ondisk_mtime = os.path.getmtime(filename)
  File "/home/dev/.local/share/uv/python/cpython-3.10.16-linux-x86_64-gnu/lib/python3.10/genericpath.py", line 55, in getmtime
    return os.stat(filename).st_mtime
FileNotFoundError: [Errno 2] No such file or directory: '/home/dev/work/media/stablediffusion/stable-diffusion-webui-ux-arch/models/Lora/00ps_XL.safetensors'

reading lora /home/dev/work/media/stablediffusion/stable-diffusion-webui-ux-arch/models/Lora/2.5DCartoonV2.safetensors: FileNotFoundError
Traceback (most recent call last):
  File "/home/dev/work/media/stablediffusion/stable-diffusion-webui-ux-arch/extensions-builtin/Lora/network.py", line 38, in __init__
    self.metadata = cache.cached_data_for_file('safetensors-metadata', "lora/" + self.name, filename, read_metadata)
  File "/home/dev/work/media/stablediffusion/stable-diffusion-webui-ux-arch/modules/cache.py", line 105, in cached_data_for_file
    ondisk_mtime = os.path.getmtime(filename)
  File "/home/dev/.local/share/uv/python/cpython-3.10.16-linux-x86_64-gnu/lib/python3.10/genericpath.py", line 55, in getmtime
    return os.stat(filename).st_mtime
FileNotFoundError: [Errno 2] No such file or directory: '/home/dev/work/media/stablediffusion/stable-diffusion-webui-ux-arch/models/Lora/2.5DCartoonV2.safetensors'

reading lora /home/dev/work/media/stablediffusion/stable-diffusion-webui-ux-arch/models/Lora/2.5DRealistic.safetensors: FileNotFoundError
Traceback (most recent call last):
  File "/home/dev/work/media/stablediffusion/stable-diffusion-webui-ux-arch/extensions-builtin/Lora/network.py", line 38, in __init__
    self.metadata = cache.cached_data_for_file('safetensors-metadata', "lora/" + self.name, filename, read_metadata)
  File "/home/dev/work/media/stablediffusion/stable-diffusion-webui-ux-arch/modules/cache.py", line 105, in cached_data_for_file
    ondisk_mtime = os.path.getmtime(filename)
  File "/home/dev/.local/share/uv/python/cpython-3.10.16-linux-x86_64-gnu/lib/python3.10/genericpath.py", line 55, in getmtime
    return os.stat(filename).st_mtime
FileNotFoundError: [Errno 2] No such file or directory: '/home/dev/work/media/stablediffusion/stable-diffusion-webui-ux-arch/models/Lora/2.5DRealistic.safetensors'

reading lora /home/dev/work/media/stablediffusion/stable-diffusion-webui-ux-arch/models/Lora/2.5DRealisticV2.safetensors: FileNotFoundError
Traceback (most recent call last):
  File "/home/dev/work/media/stablediffusion/stable-diffusion-webui-ux-arch/extensions-builtin/Lora/network.py", line 38, in __init__
    self.metadata = cache.cached_data_for_file('safetensors-metadata', "lora/" + self.name, filename, read_metadata)
  File "/home/dev/work/media/stablediffusion/stable-diffusion-webui-ux-arch/modules/cache.py", line 105, in cached_data_for_file
    ondisk_mtime = os.path.getmtime(filename)
  File "/home/dev/.local/share/uv/python/cpython-3.10.16-linux-x86_64-gnu/lib/python3.10/genericpath.py", line 55, in getmtime
    return os.stat(filename).st_mtime
FileNotFoundError: [Errno 2] No such file or directory: '/home/dev/work/media/stablediffusion/stable-diffusion-webui-ux-arch/models/Lora/2.5DRealisticV2.safetensors'

reading lora /home/dev/work/media/stablediffusion/stable-diffusion-webui-ux-arch/models/Lora/3D_game_il_leco_last_V02.safetensors: FileNotFoundError
Traceback (most recent call last):
  File "/home/dev/work/media/stablediffusion/stable-diffusion-webui-ux-arch/extensions-builtin/Lora/network.py", line 38, in __init__
    self.metadata = cache.cached_data_for_file('safetensors-metadata', "lora/" + self.name, filename, read_metadata)
  File "/home/dev/work/media/stablediffusion/stable-diffusion-webui-ux-arch/modules/cache.py", line 105, in cached_data_for_file
    ondisk_mtime = os.path.getmtime(filename)
  File "/home/dev/.local/share/uv/python/cpython-3.10.16-linux-x86_64-gnu/lib/python3.10/genericpath.py", line 55, in getmtime
    return os.stat(filename).st_mtime
FileNotFoundError: [Errno 2] No such file or directory: '/home/dev/work/media/stablediffusion/stable-diffusion-webui-ux-arch/models/Lora/3D_game_il_leco_last_V02.safetensors'

reading lora /home/dev/work/media/stablediffusion/stable-diffusion-webui-ux-arch/models/Lora/3rochrome.safetensors: FileNotFoundError
Traceback (most recent call last):
  File "/home/dev/work/media/stablediffusion/stable-diffusion-webui-ux-arch/extensions-builtin/Lora/network.py", line 38, in __init__
    self.metadata = cache.cached_data_for_file('safetensors-metadata', "lora/" + self.name, filename, read_metadata)
  File "/home/dev/work/media/stablediffusion/stable-diffusion-webui-ux-arch/modules/cache.py", line 105, in cached_data_for_file
    ondisk_mtime = os.path.getmtime(filename)
  File "/home/dev/.local/share/uv/python/cpython-3.10.16-linux-x86_64-gnu/lib/python3.10/genericpath.py", line 55, in getmtime
    return os.stat(filename).st_mtime
FileNotFoundError: [Errno 2] No such file or directory: '/home/dev/work/media/stablediffusion/stable-diffusion-webui-ux-arch/models/Lora/3rochrome.safetensors'

reading lora /home/dev/work/media/stablediffusion/stable-diffusion-webui-ux-arch/models/Lora/3rolight.safetensors: FileNotFoundError
Traceback (most recent call last):
  File "/home/dev/work/media/stablediffusion/stable-diffusion-webui-ux-arch/extensions-builtin/Lora/network.py", line 38, in __init__
    self.metadata = cache.cached_data_for_file('safetensors-metadata', "lora/" + self.name, filename, read_metadata)
  File "/home/dev/work/media/stablediffusion/stable-diffusion-webui-ux-arch/modules/cache.py", line 105, in cached_data_for_file
    ondisk_mtime = os.path.getmtime(filename)
  File "/home/dev/.local/share/uv/python/cpython-3.10.16-linux-x86_64-gnu/lib/python3.10/genericpath.py", line 55, in getmtime
    return os.stat(filename).st_mtime
FileNotFoundError: [Errno 2] No such file or directory: '/home/dev/work/media/stablediffusion/stable-diffusion-webui-ux-arch/models/Lora/3rolight.safetensors'

reading lora /home/dev/work/media/stablediffusion/stable-diffusion-webui-ux-arch/models/Lora/3rolight_v2.safetensors: FileNotFoundError
Traceback (most recent call last):
  File "/home/dev/work/media/stablediffusion/stable-diffusion-webui-ux-arch/extensions-builtin/Lora/network.py", line 38, in __init__
    self.metadata = cache.cached_data_for_file('safetensors-metadata', "lora/" + self.name, filename, read_metadata)
  File "/home/dev/work/media/stablediffusion/stable-diffusion-webui-ux-arch/modules/cache.py", line 105, in cached_data_for_file
    ondisk_mtime = os.path.getmtime(filename)
  File "/home/dev/.local/share/uv/python/cpython-3.10.16-linux-x86_64-gnu/lib/python3.10/genericpath.py", line 55, in getmtime
    return os.stat(filename).st_mtime
FileNotFoundError: [Errno 2] No such file or directory: '/home/dev/work/media/stablediffusion/stable-diffusion-webui-ux-arch/models/Lora/3rolight_v2.safetensors'

reading lora /home/dev/work/media/stablediffusion/stable-diffusion-webui-ux-arch/models/Lora/04Vintageillustration_Hap_XL.safetensors: FileNotFoundError
Traceback (most recent call last):
  File "/home/dev/work/media/stablediffusion/stable-diffusion-webui-ux-arch/extensions-builtin/Lora/network.py", line 38, in __init__
    self.metadata = cache.cached_data_for_file('safetensors-metadata', "lora/" + self.name, filename, read_metadata)
  File "/home/dev/work/media/stablediffusion/stable-diffusion-webui-ux-arch/modules/cache.py", line 105, in cached_data_for_file
    ondisk_mtime = os.path.getmtime(filename)
  File "/home/dev/.local/share/uv/python/cpython-3.10.16-linux-x86_64-gnu/lib/python3.10/genericpath.py", line 55, in getmtime
    return os.stat(filename).st_mtime
FileNotFoundError: [Errno 2] No such file or directory: '/home/dev/work/media/stablediffusion/stable-diffusion-webui-ux-arch/models/Lora/04Vintageillustration_Hap_XL.safetensors'

reading lora /home/dev/work/media/stablediffusion/stable-diffusion-webui-ux-arch/models/Lora/69_sdxl.safetensors: FileNotFoundError
Traceback (most recent call last):
  File "/home/dev/work/media/stablediffusion/stable-diffusion-webui-ux-arch/extensions-builtin/Lora/network.py", line 38, in __init__
    self.metadata = cache.cached_data_for_file('safetensors-metadata', "lora/" + self.name, filename, read_metadata)
  File "/home/dev/work/media/stablediffusion/stable-diffusion-webui-ux-arch/modules/cache.py", line 105, in cached_data_for_file
    ondisk_mtime = os.path.getmtime(filename)
  File "/home/dev/.local/share/uv/python/cpython-3.10.16-linux-x86_64-gnu/lib/python3.10/genericpath.py", line 55, in getmtime
    return os.stat(filename).st_mtime
FileNotFoundError: [Errno 2] No such file or directory: '/home/dev/work/media/stablediffusion/stable-diffusion-webui-ux-arch/models/Lora/69_sdxl.safetensors'

reading lora /home/dev/work/media/stablediffusion/stable-diffusion-webui-ux-arch/models/Lora/69S-10.safetensors: FileNotFoundError
Traceback (most recent call last):
  File "/home/dev/work/media/stablediffusion/stable-diffusion-webui-ux-arch/extensions-builtin/Lora/network.py", line 38, in __init__
    self.metadata = cache.cached_data_for_file('safetensors-metadata', "lora/" + self.name, filename, read_metadata)
  File "/home/dev/work/media/stablediffusion/stable-diffusion-webui-ux-arch/modules/cache.py", line 105, in cached_data_for_file
    ondisk_mtime = os.path.getmtime(filename)
  File "/home/dev/.local/share/uv/python/cpython-3.10.16-linux-x86_64-gnu/lib/python3.10/genericpath.py", line 55, in getmtime
    return os.stat(filename).st_mtime
FileNotFoundError: [Errno 2] No such file or directory: '/home/dev/work/media/stablediffusion/stable-diffusion-webui-ux-arch/models/Lora/69S-10.safetensors'

reading lora /home/dev/work/media/stablediffusion/stable-diffusion-webui-ux-arch/models/Lora/80sPopStyle_IXL_v1.safetensors: FileNotFoundError
Traceback (most recent call last):
  File "/home/dev/work/media/stablediffusion/stable-diffusion-webui-ux-arch/extensions-builtin/Lora/network.py", line 38, in __init__
    self.metadata = cache.cached_data_for_file('safetensors-metadata', "lora/" + self.name, filename, read_metadata)
  File "/home/dev/work/media/stablediffusion/stable-diffusion-webui-ux-arch/modules/cache.py", line 105, in cached_data_for_file
    ondisk_mtime = os.path.getmtime(filename)
  File "/home/dev/.local/share/uv/python/cpython-3.10.16-linux-x86_64-gnu/lib/python3.10/genericpath.py", line 55, in getmtime
    return os.stat(filename).st_mtime
FileNotFoundError: [Errno 2] No such file or directory: '/home/dev/work/media/stablediffusion/stable-diffusion-webui-ux-arch/models/Lora/80sPopStyle_IXL_v1.safetensors'

reading lora /home/dev/work/media/stablediffusion/stable-diffusion-webui-ux-arch/models/Lora/192af1bb3d75bab622d76a8c8cf0a0b9.safetensors: FileNotFoundError
Traceback (most recent call last):
  File "/home/dev/work/media/stablediffusion/stable-diffusion-webui-ux-arch/extensions-builtin/Lora/network.py", line 38, in __init__
    self.metadata = cache.cached_data_for_file('safetensors-metadata', "lora/" + self.name, filename, read_metadata)
  File "/home/dev/work/media/stablediffusion/stable-diffusion-webui-ux-arch/modules/cache.py", line 105, in cached_data_for_file
    ondisk_mtime = os.path.getmtime(filename)
  File "/home/dev/.local/share/uv/python/cpython-3.10.16-linux-x86_64-gnu/lib/python3.10/genericpath.py", line 55, in getmtime
    return os.stat(filename).st_mtime
FileNotFoundError: [Errno 2] No such file or directory: '/home/dev/work/media/stablediffusion/stable-diffusion-webui-ux-arch/models/Lora/192af1bb3d75bab622d76a8c8cf0a0b9.safetensors'

reading lora /home/dev/work/media/stablediffusion/stable-diffusion-webui-ux-arch/models/Lora/748cmSDXL.safetensors: FileNotFoundError
Traceback (most recent call last):
  File "/home/dev/work/media/stablediffusion/stable-diffusion-webui-ux-arch/extensions-builtin/Lora/network.py", line 38, in __init__
    self.metadata = cache.cached_data_for_file('safetensors-metadata', "lora/" + self.name, filename, read_metadata)
  File "/home/dev/work/media/stablediffusion/stable-diffusion-webui-ux-arch/modules/cache.py", line 105, in cached_data_for_file
    ondisk_mtime = os.path.getmtime(filename)
  File "/home/dev/.local/share/uv/python/cpython-3.10.16-linux-x86_64-gnu/lib/python3.10/genericpath.py", line 55, in getmtime
    return os.stat(filename).st_mtime
FileNotFoundError: [Errno 2] No such file or directory: '/home/dev/work/media/stablediffusion/stable-diffusion-webui-ux-arch/models/Lora/748cmSDXL.safetensors'

reading lora /home/dev/work/media/stablediffusion/stable-diffusion-webui-ux-arch/models/Lora/add-detail-xl.safetensors: FileNotFoundError
Traceback (most recent call last):
  File "/home/dev/work/media/stablediffusion/stable-diffusion-webui-ux-arch/extensions-builtin/Lora/network.py", line 38, in __init__
    self.metadata = cache.cached_data_for_file('safetensors-metadata', "lora/" + self.name, filename, read_metadata)
  File "/home/dev/work/media/stablediffusion/stable-diffusion-webui-ux-arch/modules/cache.py", line 105, in cached_data_for_file
    ondisk_mtime = os.path.getmtime(filename)
  File "/home/dev/.local/share/uv/python/cpython-3.10.16-linux-x86_64-gnu/lib/python3.10/genericpath.py", line 55, in getmtime
    return os.stat(filename).st_mtime
FileNotFoundError: [Errno 2] No such file or directory: '/home/dev/work/media/stablediffusion/stable-diffusion-webui-ux-arch/models/Lora/add-detail-xl.safetensors'

reading lora /home/dev/work/media/stablediffusion/stable-diffusion-webui-ux-arch/models/Lora/Add_more_details_pony.safetensors: FileNotFoundError
Traceback (most recent call last):
  File "/home/dev/work/media/stablediffusion/stable-diffusion-webui-ux-arch/extensions-builtin/Lora/network.py", line 38, in __init__
    self.metadata = cache.cached_data_for_file('safetensors-metadata', "lora/" + self.name, filename, read_metadata)
  File "/home/dev/work/media/stablediffusion/stable-diffusion-webui-ux-arch/modules/cache.py", line 105, in cached_data_for_file
    ondisk_mtime = os.path.getmtime(filename)
  File "/home/dev/.local/share/uv/python/cpython-3.10.16-linux-x86_64-gnu/lib/python3.10/genericpath.py", line 55, in getmtime
    return os.stat(filename).st_mtime
FileNotFoundError: [Errno 2] No such file or directory: '/home/dev/work/media/stablediffusion/stable-diffusion-webui-ux-arch/models/Lora/Add_more_details_pony.safetensors'

reading lora /home/dev/work/media/stablediffusion/stable-diffusion-webui-ux-arch/models/Lora/ADisneyPlusRealism_style-12.safetensors: FileNotFoundError
Traceback (most recent call last):
  File "/home/dev/work/media/stablediffusion/stable-diffusion-webui-ux-arch/extensions-builtin/Lora/network.py", line 38, in __init__
    self.metadata = cache.cached_data_for_file('safetensors-metadata', "lora/" + self.name, filename, read_metadata)
  File "/home/dev/work/media/stablediffusion/stable-diffusion-webui-ux-arch/modules/cache.py", line 105, in cached_data_for_file
    ondisk_mtime = os.path.getmtime(filename)
  File "/home/dev/.local/share/uv/python/cpython-3.10.16-linux-x86_64-gnu/lib/python3.10/genericpath.py", line 55, in getmtime
    return os.stat(filename).st_mtime
FileNotFoundError: [Errno 2] No such file or directory: '/home/dev/work/media/stablediffusion/stable-diffusion-webui-ux-arch/models/Lora/ADisneyPlusRealism_style-12.safetensors'

reading lora /home/dev/work/media/stablediffusion/stable-diffusion-webui-ux-arch/models/Lora/Anime.safetensors: FileNotFoundError
Traceback (most recent call last):
  File "/home/dev/work/media/stablediffusion/stable-diffusion-webui-ux-arch/extensions-builtin/Lora/network.py", line 38, in __init__
    self.metadata = cache.cached_data_for_file('safetensors-metadata', "lora/" + self.name, filename, read_metadata)
  File "/home/dev/work/media/stablediffusion/stable-diffusion-webui-ux-arch/modules/cache.py", line 105, in cached_data_for_file
    ondisk_mtime = os.path.getmtime(filename)
  File "/home/dev/.local/share/uv/python/cpython-3.10.16-linux-x86_64-gnu/lib/python3.10/genericpath.py", line 55, in getmtime
    return os.stat(filename).st_mtime
FileNotFoundError: [Errno 2] No such file or directory: '/home/dev/work/media/stablediffusion/stable-diffusion-webui-ux-arch/models/Lora/Anime.safetensors'

reading lora /home/dev/work/media/stablediffusion/stable-diffusion-webui-ux-arch/models/Lora/Art_of_Jaguar_Illustrious_v4.safetensors: FileNotFoundError
Traceback (most recent call last):
  File "/home/dev/work/media/stablediffusion/stable-diffusion-webui-ux-arch/extensions-builtin/Lora/network.py", line 38, in __init__
    self.metadata = cache.cached_data_for_file('safetensors-metadata', "lora/" + self.name, filename, read_metadata)
  File "/home/dev/work/media/stablediffusion/stable-diffusion-webui-ux-arch/modules/cache.py", line 105, in cached_data_for_file
    ondisk_mtime = os.path.getmtime(filename)
  File "/home/dev/.local/share/uv/python/cpython-3.10.16-linux-x86_64-gnu/lib/python3.10/genericpath.py", line 55, in getmtime
    return os.stat(filename).st_mtime
FileNotFoundError: [Errno 2] No such file or directory: '/home/dev/work/media/stablediffusion/stable-diffusion-webui-ux-arch/models/Lora/Art_of_Jaguar_Illustrious_v4.safetensors'

reading lora /home/dev/work/media/stablediffusion/stable-diffusion-webui-ux-arch/models/Lora/ArtDeco01_CE_SDXL_64x32x300x2bOT.safetensors: FileNotFoundError
Traceback (most recent call last):
  File "/home/dev/work/media/stablediffusion/stable-diffusion-webui-ux-arch/extensions-builtin/Lora/network.py", line 38, in __init__
    self.metadata = cache.cached_data_for_file('safetensors-metadata', "lora/" + self.name, filename, read_metadata)
  File "/home/dev/work/media/stablediffusion/stable-diffusion-webui-ux-arch/modules/cache.py", line 105, in cached_data_for_file
    ondisk_mtime = os.path.getmtime(filename)
  File "/home/dev/.local/share/uv/python/cpython-3.10.16-linux-x86_64-gnu/lib/python3.10/genericpath.py", line 55, in getmtime
    return os.stat(filename).st_mtime
FileNotFoundError: [Errno 2] No such file or directory: '/home/dev/work/media/stablediffusion/stable-diffusion-webui-ux-arch/models/Lora/ArtDeco01_CE_SDXL_64x32x300x2bOT.safetensors'

reading lora /home/dev/work/media/stablediffusion/stable-diffusion-webui-ux-arch/models/Lora/Aussie100Style_IXL.safetensors: FileNotFoundError
Traceback (most recent call last):
  File "/home/dev/work/media/stablediffusion/stable-diffusion-webui-ux-arch/extensions-builtin/Lora/network.py", line 38, in __init__
    self.metadata = cache.cached_data_for_file('safetensors-metadata', "lora/" + self.name, filename, read_metadata)
  File "/home/dev/work/media/stablediffusion/stable-diffusion-webui-ux-arch/modules/cache.py", line 105, in cached_data_for_file
    ondisk_mtime = os.path.getmtime(filename)
  File "/home/dev/.local/share/uv/python/cpython-3.10.16-linux-x86_64-gnu/lib/python3.10/genericpath.py", line 55, in getmtime
    return os.stat(filename).st_mtime
FileNotFoundError: [Errno 2] No such file or directory: '/home/dev/work/media/stablediffusion/stable-diffusion-webui-ux-arch/models/Lora/Aussie100Style_IXL.safetensors'

reading lora /home/dev/work/media/stablediffusion/stable-diffusion-webui-ux-arch/models/Lora/Baroque_Fantasy_Realism.safetensors: FileNotFoundError
Traceback (most recent call last):
  File "/home/dev/work/media/stablediffusion/stable-diffusion-webui-ux-arch/extensions-builtin/Lora/network.py", line 38, in __init__
    self.metadata = cache.cached_data_for_file('safetensors-metadata', "lora/" + self.name, filename, read_metadata)
  File "/home/dev/work/media/stablediffusion/stable-diffusion-webui-ux-arch/modules/cache.py", line 105, in cached_data_for_file
    ondisk_mtime = os.path.getmtime(filename)
  File "/home/dev/.local/share/uv/python/cpython-3.10.16-linux-x86_64-gnu/lib/python3.10/genericpath.py", line 55, in getmtime
    return os.stat(filename).st_mtime
FileNotFoundError: [Errno 2] No such file or directory: '/home/dev/work/media/stablediffusion/stable-diffusion-webui-ux-arch/models/Lora/Baroque_Fantasy_Realism.safetensors'

reading lora /home/dev/work/media/stablediffusion/stable-diffusion-webui-ux-arch/models/Lora/BaroqueFantasyRealismPony.safetensors: FileNotFoundError
Traceback (most recent call last):
  File "/home/dev/work/media/stablediffusion/stable-diffusion-webui-ux-arch/extensions-builtin/Lora/network.py", line 38, in __init__
    self.metadata = cache.cached_data_for_file('safetensors-metadata', "lora/" + self.name, filename, read_metadata)
  File "/home/dev/work/media/stablediffusion/stable-diffusion-webui-ux-arch/modules/cache.py", line 105, in cached_data_for_file
    ondisk_mtime = os.path.getmtime(filename)
  File "/home/dev/.local/share/uv/python/cpython-3.10.16-linux-x86_64-gnu/lib/python3.10/genericpath.py", line 55, in getmtime
    return os.stat(filename).st_mtime
FileNotFoundError: [Errno 2] No such file or directory: '/home/dev/work/media/stablediffusion/stable-diffusion-webui-ux-arch/models/Lora/BaroqueFantasyRealismPony.safetensors'

reading lora /home/dev/work/media/stablediffusion/stable-diffusion-webui-ux-arch/models/Lora/BaroqueFantasyRealismSDXL.safetensors: FileNotFoundError
Traceback (most recent call last):
  File "/home/dev/work/media/stablediffusion/stable-diffusion-webui-ux-arch/extensions-builtin/Lora/network.py", line 38, in __init__
    self.metadata = cache.cached_data_for_file('safetensors-metadata', "lora/" + self.name, filename, read_metadata)
  File "/home/dev/work/media/stablediffusion/stable-diffusion-webui-ux-arch/modules/cache.py", line 105, in cached_data_for_file
    ondisk_mtime = os.path.getmtime(filename)
  File "/home/dev/.local/share/uv/python/cpython-3.10.16-linux-x86_64-gnu/lib/python3.10/genericpath.py", line 55, in getmtime
    return os.stat(filename).st_mtime
FileNotFoundError: [Errno 2] No such file or directory: '/home/dev/work/media/stablediffusion/stable-diffusion-webui-ux-arch/models/Lora/BaroqueFantasyRealismSDXL.safetensors'

reading lora /home/dev/work/media/stablediffusion/stable-diffusion-webui-ux-arch/models/Lora/Big_Boudoir.safetensors: FileNotFoundError
Traceback (most recent call last):
  File "/home/dev/work/media/stablediffusion/stable-diffusion-webui-ux-arch/extensions-builtin/Lora/network.py", line 38, in __init__
    self.metadata = cache.cached_data_for_file('safetensors-metadata', "lora/" + self.name, filename, read_metadata)
  File "/home/dev/work/media/stablediffusion/stable-diffusion-webui-ux-arch/modules/cache.py", line 105, in cached_data_for_file
    ondisk_mtime = os.path.getmtime(filename)
  File "/home/dev/.local/share/uv/python/cpython-3.10.16-linux-x86_64-gnu/lib/python3.10/genericpath.py", line 55, in getmtime
    return os.stat(filename).st_mtime
FileNotFoundError: [Errno 2] No such file or directory: '/home/dev/work/media/stablediffusion/stable-diffusion-webui-ux-arch/models/Lora/Big_Boudoir.safetensors'

reading lora /home/dev/work/media/stablediffusion/stable-diffusion-webui-ux-arch/models/Lora/blindbox_v1_mix.safetensors: FileNotFoundError
Traceback (most recent call last):
  File "/home/dev/work/media/stablediffusion/stable-diffusion-webui-ux-arch/extensions-builtin/Lora/network.py", line 38, in __init__
    self.metadata = cache.cached_data_for_file('safetensors-metadata', "lora/" + self.name, filename, read_metadata)
  File "/home/dev/work/media/stablediffusion/stable-diffusion-webui-ux-arch/modules/cache.py", line 105, in cached_data_for_file
    ondisk_mtime = os.path.getmtime(filename)
  File "/home/dev/.local/share/uv/python/cpython-3.10.16-linux-x86_64-gnu/lib/python3.10/genericpath.py", line 55, in getmtime
    return os.stat(filename).st_mtime
FileNotFoundError: [Errno 2] No such file or directory: '/home/dev/work/media/stablediffusion/stable-diffusion-webui-ux-arch/models/Lora/blindbox_v1_mix.safetensors'

reading lora /home/dev/work/media/stablediffusion/stable-diffusion-webui-ux-arch/models/Lora/bralessSDXL_v1_00022.safetensors: FileNotFoundError
Traceback (most recent call last):
  File "/home/dev/work/media/stablediffusion/stable-diffusion-webui-ux-arch/extensions-builtin/Lora/network.py", line 38, in __init__
    self.metadata = cache.cached_data_for_file('safetensors-metadata', "lora/" + self.name, filename, read_metadata)
  File "/home/dev/work/media/stablediffusion/stable-diffusion-webui-ux-arch/modules/cache.py", line 105, in cached_data_for_file
    ondisk_mtime = os.path.getmtime(filename)
  File "/home/dev/.local/share/uv/python/cpython-3.10.16-linux-x86_64-gnu/lib/python3.10/genericpath.py", line 55, in getmtime
    return os.stat(filename).st_mtime
FileNotFoundError: [Errno 2] No such file or directory: '/home/dev/work/media/stablediffusion/stable-diffusion-webui-ux-arch/models/Lora/bralessSDXL_v1_00022.safetensors'

reading lora /home/dev/work/media/stablediffusion/stable-diffusion-webui-ux-arch/models/Lora/BSS_AMFL-R(Restored).safetensors: FileNotFoundError
Traceback (most recent call last):
  File "/home/dev/work/media/stablediffusion/stable-diffusion-webui-ux-arch/extensions-builtin/Lora/network.py", line 38, in __init__
    self.metadata = cache.cached_data_for_file('safetensors-metadata', "lora/" + self.name, filename, read_metadata)
  File "/home/dev/work/media/stablediffusion/stable-diffusion-webui-ux-arch/modules/cache.py", line 105, in cached_data_for_file
    ondisk_mtime = os.path.getmtime(filename)
  File "/home/dev/.local/share/uv/python/cpython-3.10.16-linux-x86_64-gnu/lib/python3.10/genericpath.py", line 55, in getmtime
    return os.stat(filename).st_mtime
FileNotFoundError: [Errno 2] No such file or directory: '/home/dev/work/media/stablediffusion/stable-diffusion-webui-ux-arch/models/Lora/BSS_AMFL-R(Restored).safetensors'

reading lora /home/dev/work/media/stablediffusion/stable-diffusion-webui-ux-arch/models/Lora/BSS_CNMTK-R(Restored).safetensors: FileNotFoundError
Traceback (most recent call last):
  File "/home/dev/work/media/stablediffusion/stable-diffusion-webui-ux-arch/extensions-builtin/Lora/network.py", line 38, in __init__
    self.metadata = cache.cached_data_for_file('safetensors-metadata', "lora/" + self.name, filename, read_metadata)
  File "/home/dev/work/media/stablediffusion/stable-diffusion-webui-ux-arch/modules/cache.py", line 105, in cached_data_for_file
    ondisk_mtime = os.path.getmtime(filename)
  File "/home/dev/.local/share/uv/python/cpython-3.10.16-linux-x86_64-gnu/lib/python3.10/genericpath.py", line 55, in getmtime
    return os.stat(filename).st_mtime
FileNotFoundError: [Errno 2] No such file or directory: '/home/dev/work/media/stablediffusion/stable-diffusion-webui-ux-arch/models/Lora/BSS_CNMTK-R(Restored).safetensors'

reading lora /home/dev/work/media/stablediffusion/stable-diffusion-webui-ux-arch/models/Lora/BSS_CTDRM-R(Restored).safetensors: FileNotFoundError
Traceback (most recent call last):
  File "/home/dev/work/media/stablediffusion/stable-diffusion-webui-ux-arch/extensions-builtin/Lora/network.py", line 38, in __init__
    self.metadata = cache.cached_data_for_file('safetensors-metadata', "lora/" + self.name, filename, read_metadata)
  File "/home/dev/work/media/stablediffusion/stable-diffusion-webui-ux-arch/modules/cache.py", line 105, in cached_data_for_file
    ondisk_mtime = os.path.getmtime(filename)
  File "/home/dev/.local/share/uv/python/cpython-3.10.16-linux-x86_64-gnu/lib/python3.10/genericpath.py", line 55, in getmtime
    return os.stat(filename).st_mtime
FileNotFoundError: [Errno 2] No such file or directory: '/home/dev/work/media/stablediffusion/stable-diffusion-webui-ux-arch/models/Lora/BSS_CTDRM-R(Restored).safetensors'

reading lora /home/dev/work/media/stablediffusion/stable-diffusion-webui-ux-arch/models/Lora/BSS_DRKDL-R(Restored).safetensors: FileNotFoundError
Traceback (most recent call last):
  File "/home/dev/work/media/stablediffusion/stable-diffusion-webui-ux-arch/extensions-builtin/Lora/network.py", line 38, in __init__
    self.metadata = cache.cached_data_for_file('safetensors-metadata', "lora/" + self.name, filename, read_metadata)
  File "/home/dev/work/media/stablediffusion/stable-diffusion-webui-ux-arch/modules/cache.py", line 105, in cached_data_for_file
    ondisk_mtime = os.path.getmtime(filename)
  File "/home/dev/.local/share/uv/python/cpython-3.10.16-linux-x86_64-gnu/lib/python3.10/genericpath.py", line 55, in getmtime
    return os.stat(filename).st_mtime
FileNotFoundError: [Errno 2] No such file or directory: '/home/dev/work/media/stablediffusion/stable-diffusion-webui-ux-arch/models/Lora/BSS_DRKDL-R(Restored).safetensors'

reading lora /home/dev/work/media/stablediffusion/stable-diffusion-webui-ux-arch/models/Lora/BSS_FLMGR-R(Restored).safetensors: FileNotFoundError
Traceback (most recent call last):
  File "/home/dev/work/media/stablediffusion/stable-diffusion-webui-ux-arch/extensions-builtin/Lora/network.py", line 38, in __init__
    self.metadata = cache.cached_data_for_file('safetensors-metadata', "lora/" + self.name, filename, read_metadata)
  File "/home/dev/work/media/stablediffusion/stable-diffusion-webui-ux-arch/modules/cache.py", line 105, in cached_data_for_file
    ondisk_mtime = os.path.getmtime(filename)
  File "/home/dev/.local/share/uv/python/cpython-3.10.16-linux-x86_64-gnu/lib/python3.10/genericpath.py", line 55, in getmtime
    return os.stat(filename).st_mtime
FileNotFoundError: [Errno 2] No such file or directory: '/home/dev/work/media/stablediffusion/stable-diffusion-webui-ux-arch/models/Lora/BSS_FLMGR-R(Restored).safetensors'

reading lora /home/dev/work/media/stablediffusion/stable-diffusion-webui-ux-arch/models/Lora/BSS_NEOST-R(Restored).safetensors: FileNotFoundError
Traceback (most recent call last):
  File "/home/dev/work/media/stablediffusion/stable-diffusion-webui-ux-arch/extensions-builtin/Lora/network.py", line 38, in __init__
    self.metadata = cache.cached_data_for_file('safetensors-metadata', "lora/" + self.name, filename, read_metadata)
  File "/home/dev/work/media/stablediffusion/stable-diffusion-webui-ux-arch/modules/cache.py", line 105, in cached_data_for_file
    ondisk_mtime = os.path.getmtime(filename)
  File "/home/dev/.local/share/uv/python/cpython-3.10.16-linux-x86_64-gnu/lib/python3.10/genericpath.py", line 55, in getmtime
    return os.stat(filename).st_mtime
FileNotFoundError: [Errno 2] No such file or directory: '/home/dev/work/media/stablediffusion/stable-diffusion-webui-ux-arch/models/Lora/BSS_NEOST-R(Restored).safetensors'

reading lora /home/dev/work/media/stablediffusion/stable-diffusion-webui-ux-arch/models/Lora/BSS_NSTLG-R(Restored).safetensors: FileNotFoundError
Traceback (most recent call last):
  File "/home/dev/work/media/stablediffusion/stable-diffusion-webui-ux-arch/extensions-builtin/Lora/network.py", line 38, in __init__
    self.metadata = cache.cached_data_for_file('safetensors-metadata', "lora/" + self.name, filename, read_metadata)
  File "/home/dev/work/media/stablediffusion/stable-diffusion-webui-ux-arch/modules/cache.py", line 105, in cached_data_for_file
    ondisk_mtime = os.path.getmtime(filename)
  File "/home/dev/.local/share/uv/python/cpython-3.10.16-linux-x86_64-gnu/lib/python3.10/genericpath.py", line 55, in getmtime
    return os.stat(filename).st_mtime
FileNotFoundError: [Errno 2] No such file or directory: '/home/dev/work/media/stablediffusion/stable-diffusion-webui-ux-arch/models/Lora/BSS_NSTLG-R(Restored).safetensors'

reading lora /home/dev/work/media/stablediffusion/stable-diffusion-webui-ux-arch/models/Lora/BSS_RLSM_IL.safetensors: FileNotFoundError
Traceback (most recent call last):
  File "/home/dev/work/media/stablediffusion/stable-diffusion-webui-ux-arch/extensions-builtin/Lora/network.py", line 38, in __init__
    self.metadata = cache.cached_data_for_file('safetensors-metadata', "lora/" + self.name, filename, read_metadata)
  File "/home/dev/work/media/stablediffusion/stable-diffusion-webui-ux-arch/modules/cache.py", line 105, in cached_data_for_file
    ondisk_mtime = os.path.getmtime(filename)
  File "/home/dev/.local/share/uv/python/cpython-3.10.16-linux-x86_64-gnu/lib/python3.10/genericpath.py", line 55, in getmtime
    return os.stat(filename).st_mtime
FileNotFoundError: [Errno 2] No such file or directory: '/home/dev/work/media/stablediffusion/stable-diffusion-webui-ux-arch/models/Lora/BSS_RLSM_IL.safetensors'

reading lora /home/dev/work/media/stablediffusion/stable-diffusion-webui-ux-arch/models/Lora/Cap_Sleeve_Top_and_Skirt_Set.safetensors: FileNotFoundError
Traceback (most recent call last):
  File "/home/dev/work/media/stablediffusion/stable-diffusion-webui-ux-arch/extensions-builtin/Lora/network.py", line 38, in __init__
    self.metadata = cache.cached_data_for_file('safetensors-metadata', "lora/" + self.name, filename, read_metadata)
  File "/home/dev/work/media/stablediffusion/stable-diffusion-webui-ux-arch/modules/cache.py", line 105, in cached_data_for_file
    ondisk_mtime = os.path.getmtime(filename)
  File "/home/dev/.local/share/uv/python/cpython-3.10.16-linux-x86_64-gnu/lib/python3.10/genericpath.py", line 55, in getmtime
    return os.stat(filename).st_mtime
FileNotFoundError: [Errno 2] No such file or directory: '/home/dev/work/media/stablediffusion/stable-diffusion-webui-ux-arch/models/Lora/Cap_Sleeve_Top_and_Skirt_Set.safetensors'

reading lora /home/dev/work/media/stablediffusion/stable-diffusion-webui-ux-arch/models/Lora/Character_-_Twin_from_Atomic_Heart_ep10_by_ME.safetensors: FileNotFoundError
Traceback (most recent call last):
  File "/home/dev/work/media/stablediffusion/stable-diffusion-webui-ux-arch/extensions-builtin/Lora/network.py", line 38, in __init__
    self.metadata = cache.cached_data_for_file('safetensors-metadata', "lora/" + self.name, filename, read_metadata)
  File "/home/dev/work/media/stablediffusion/stable-diffusion-webui-ux-arch/modules/cache.py", line 105, in cached_data_for_file
    ondisk_mtime = os.path.getmtime(filename)
  File "/home/dev/.local/share/uv/python/cpython-3.10.16-linux-x86_64-gnu/lib/python3.10/genericpath.py", line 55, in getmtime
    return os.stat(filename).st_mtime
FileNotFoundError: [Errno 2] No such file or directory: '/home/dev/work/media/stablediffusion/stable-diffusion-webui-ux-arch/models/Lora/Character_-_Twin_from_Atomic_Heart_ep10_by_ME.safetensors'

reading lora /home/dev/work/media/stablediffusion/stable-diffusion-webui-ux-arch/models/Lora/CinematicStyle_v1.safetensors: FileNotFoundError
Traceback (most recent call last):
  File "/home/dev/work/media/stablediffusion/stable-diffusion-webui-ux-arch/extensions-builtin/Lora/network.py", line 38, in __init__
    self.metadata = cache.cached_data_for_file('safetensors-metadata', "lora/" + self.name, filename, read_metadata)
  File "/home/dev/work/media/stablediffusion/stable-diffusion-webui-ux-arch/modules/cache.py", line 105, in cached_data_for_file
    ondisk_mtime = os.path.getmtime(filename)
  File "/home/dev/.local/share/uv/python/cpython-3.10.16-linux-x86_64-gnu/lib/python3.10/genericpath.py", line 55, in getmtime
    return os.stat(filename).st_mtime
FileNotFoundError: [Errno 2] No such file or directory: '/home/dev/work/media/stablediffusion/stable-diffusion-webui-ux-arch/models/Lora/CinematicStyle_v1.safetensors'

reading lora /home/dev/work/media/stablediffusion/stable-diffusion-webui-ux-arch/models/Lora/ComicRealism01a_CE_XL_200-OT.safetensors: FileNotFoundError
Traceback (most recent call last):
  File "/home/dev/work/media/stablediffusion/stable-diffusion-webui-ux-arch/extensions-builtin/Lora/network.py", line 38, in __init__
    self.metadata = cache.cached_data_for_file('safetensors-metadata', "lora/" + self.name, filename, read_metadata)
  File "/home/dev/work/media/stablediffusion/stable-diffusion-webui-ux-arch/modules/cache.py", line 105, in cached_data_for_file
    ondisk_mtime = os.path.getmtime(filename)
  File "/home/dev/.local/share/uv/python/cpython-3.10.16-linux-x86_64-gnu/lib/python3.10/genericpath.py", line 55, in getmtime
    return os.stat(filename).st_mtime
FileNotFoundError: [Errno 2] No such file or directory: '/home/dev/work/media/stablediffusion/stable-diffusion-webui-ux-arch/models/Lora/ComicRealism01a_CE_XL_200-OT.safetensors'

reading lora /home/dev/work/media/stablediffusion/stable-diffusion-webui-ux-arch/models/Lora/concept_sideboobpeek_ponyXL.safetensors: FileNotFoundError
Traceback (most recent call last):
  File "/home/dev/work/media/stablediffusion/stable-diffusion-webui-ux-arch/extensions-builtin/Lora/network.py", line 38, in __init__
    self.metadata = cache.cached_data_for_file('safetensors-metadata', "lora/" + self.name, filename, read_metadata)
  File "/home/dev/work/media/stablediffusion/stable-diffusion-webui-ux-arch/modules/cache.py", line 105, in cached_data_for_file
    ondisk_mtime = os.path.getmtime(filename)
  File "/home/dev/.local/share/uv/python/cpython-3.10.16-linux-x86_64-gnu/lib/python3.10/genericpath.py", line 55, in getmtime
    return os.stat(filename).st_mtime
FileNotFoundError: [Errno 2] No such file or directory: '/home/dev/work/media/stablediffusion/stable-diffusion-webui-ux-arch/models/Lora/concept_sideboobpeek_ponyXL.safetensors'

reading lora /home/dev/work/media/stablediffusion/stable-diffusion-webui-ux-arch/models/Lora/Cunnilingus XL.safetensors: FileNotFoundError
Traceback (most recent call last):
  File "/home/dev/work/media/stablediffusion/stable-diffusion-webui-ux-arch/extensions-builtin/Lora/network.py", line 38, in __init__
    self.metadata = cache.cached_data_for_file('safetensors-metadata', "lora/" + self.name, filename, read_metadata)
  File "/home/dev/work/media/stablediffusion/stable-diffusion-webui-ux-arch/modules/cache.py", line 105, in cached_data_for_file
    ondisk_mtime = os.path.getmtime(filename)
  File "/home/dev/.local/share/uv/python/cpython-3.10.16-linux-x86_64-gnu/lib/python3.10/genericpath.py", line 55, in getmtime
    return os.stat(filename).st_mtime
FileNotFoundError: [Errno 2] No such file or directory: '/home/dev/work/media/stablediffusion/stable-diffusion-webui-ux-arch/models/Lora/Cunnilingus XL.safetensors'

reading lora /home/dev/work/media/stablediffusion/stable-diffusion-webui-ux-arch/models/Lora/CyberPerfectionIXL.safetensors: FileNotFoundError
Traceback (most recent call last):
  File "/home/dev/work/media/stablediffusion/stable-diffusion-webui-ux-arch/extensions-builtin/Lora/network.py", line 38, in __init__
    self.metadata = cache.cached_data_for_file('safetensors-metadata', "lora/" + self.name, filename, read_metadata)
  File "/home/dev/work/media/stablediffusion/stable-diffusion-webui-ux-arch/modules/cache.py", line 105, in cached_data_for_file
    ondisk_mtime = os.path.getmtime(filename)
  File "/home/dev/.local/share/uv/python/cpython-3.10.16-linux-x86_64-gnu/lib/python3.10/genericpath.py", line 55, in getmtime
    return os.stat(filename).st_mtime
FileNotFoundError: [Errno 2] No such file or directory: '/home/dev/work/media/stablediffusion/stable-diffusion-webui-ux-arch/models/Lora/CyberPerfectionIXL.safetensors'

reading lora /home/dev/work/media/stablediffusion/stable-diffusion-webui-ux-arch/models/Lora/Dark_realism_anime_style.safetensors: FileNotFoundError
Traceback (most recent call last):
  File "/home/dev/work/media/stablediffusion/stable-diffusion-webui-ux-arch/extensions-builtin/Lora/network.py", line 38, in __init__
    self.metadata = cache.cached_data_for_file('safetensors-metadata', "lora/" + self.name, filename, read_metadata)
  File "/home/dev/work/media/stablediffusion/stable-diffusion-webui-ux-arch/modules/cache.py", line 105, in cached_data_for_file
    ondisk_mtime = os.path.getmtime(filename)
  File "/home/dev/.local/share/uv/python/cpython-3.10.16-linux-x86_64-gnu/lib/python3.10/genericpath.py", line 55, in getmtime
    return os.stat(filename).st_mtime
FileNotFoundError: [Errno 2] No such file or directory: '/home/dev/work/media/stablediffusion/stable-diffusion-webui-ux-arch/models/Lora/Dark_realism_anime_style.safetensors'

reading lora /home/dev/work/media/stablediffusion/stable-diffusion-webui-ux-arch/models/Lora/dasiwa-ill-colorful-detail-style-1561-39.safetensors: FileNotFoundError
Traceback (most recent call last):
  File "/home/dev/work/media/stablediffusion/stable-diffusion-webui-ux-arch/extensions-builtin/Lora/network.py", line 38, in __init__
    self.metadata = cache.cached_data_for_file('safetensors-metadata', "lora/" + self.name, filename, read_metadata)
  File "/home/dev/work/media/stablediffusion/stable-diffusion-webui-ux-arch/modules/cache.py", line 105, in cached_data_for_file
    ondisk_mtime = os.path.getmtime(filename)
  File "/home/dev/.local/share/uv/python/cpython-3.10.16-linux-x86_64-gnu/lib/python3.10/genericpath.py", line 55, in getmtime
    return os.stat(filename).st_mtime
FileNotFoundError: [Errno 2] No such file or directory: '/home/dev/work/media/stablediffusion/stable-diffusion-webui-ux-arch/models/Lora/dasiwa-ill-colorful-detail-style-1561-39.safetensors'

reading lora /home/dev/work/media/stablediffusion/stable-diffusion-webui-ux-arch/models/Lora/DBSDXL.safetensors: FileNotFoundError
Traceback (most recent call last):
  File "/home/dev/work/media/stablediffusion/stable-diffusion-webui-ux-arch/extensions-builtin/Lora/network.py", line 38, in __init__
    self.metadata = cache.cached_data_for_file('safetensors-metadata', "lora/" + self.name, filename, read_metadata)
  File "/home/dev/work/media/stablediffusion/stable-diffusion-webui-ux-arch/modules/cache.py", line 105, in cached_data_for_file
    ondisk_mtime = os.path.getmtime(filename)
  File "/home/dev/.local/share/uv/python/cpython-3.10.16-linux-x86_64-gnu/lib/python3.10/genericpath.py", line 55, in getmtime
    return os.stat(filename).st_mtime
FileNotFoundError: [Errno 2] No such file or directory: '/home/dev/work/media/stablediffusion/stable-diffusion-webui-ux-arch/models/Lora/DBSDXL.safetensors'

reading lora /home/dev/work/media/stablediffusion/stable-diffusion-webui-ux-arch/models/Lora/DetailerILv2-000008.safetensors: FileNotFoundError
Traceback (most recent call last):
  File "/home/dev/work/media/stablediffusion/stable-diffusion-webui-ux-arch/extensions-builtin/Lora/network.py", line 38, in __init__
    self.metadata = cache.cached_data_for_file('safetensors-metadata', "lora/" + self.name, filename, read_metadata)
  File "/home/dev/work/media/stablediffusion/stable-diffusion-webui-ux-arch/modules/cache.py", line 105, in cached_data_for_file
    ondisk_mtime = os.path.getmtime(filename)
  File "/home/dev/.local/share/uv/python/cpython-3.10.16-linux-x86_64-gnu/lib/python3.10/genericpath.py", line 55, in getmtime
    return os.stat(filename).st_mtime
FileNotFoundError: [Errno 2] No such file or directory: '/home/dev/work/media/stablediffusion/stable-diffusion-webui-ux-arch/models/Lora/DetailerILv2-000008.safetensors'

reading lora /home/dev/work/media/stablediffusion/stable-diffusion-webui-ux-arch/models/Lora/DreamArtPonyV1.0.safetensors: FileNotFoundError
Traceback (most recent call last):
  File "/home/dev/work/media/stablediffusion/stable-diffusion-webui-ux-arch/extensions-builtin/Lora/network.py", line 38, in __init__
    self.metadata = cache.cached_data_for_file('safetensors-metadata', "lora/" + self.name, filename, read_metadata)
  File "/home/dev/work/media/stablediffusion/stable-diffusion-webui-ux-arch/modules/cache.py", line 105, in cached_data_for_file
    ondisk_mtime = os.path.getmtime(filename)
  File "/home/dev/.local/share/uv/python/cpython-3.10.16-linux-x86_64-gnu/lib/python3.10/genericpath.py", line 55, in getmtime
    return os.stat(filename).st_mtime
FileNotFoundError: [Errno 2] No such file or directory: '/home/dev/work/media/stablediffusion/stable-diffusion-webui-ux-arch/models/Lora/DreamArtPonyV1.0.safetensors'

reading lora /home/dev/work/media/stablediffusion/stable-diffusion-webui-ux-arch/models/Lora/DreamARTSDXL (1).safetensors: FileNotFoundError
Traceback (most recent call last):
  File "/home/dev/work/media/stablediffusion/stable-diffusion-webui-ux-arch/extensions-builtin/Lora/network.py", line 38, in __init__
    self.metadata = cache.cached_data_for_file('safetensors-metadata', "lora/" + self.name, filename, read_metadata)
  File "/home/dev/work/media/stablediffusion/stable-diffusion-webui-ux-arch/modules/cache.py", line 105, in cached_data_for_file
    ondisk_mtime = os.path.getmtime(filename)
  File "/home/dev/.local/share/uv/python/cpython-3.10.16-linux-x86_64-gnu/lib/python3.10/genericpath.py", line 55, in getmtime
    return os.stat(filename).st_mtime
FileNotFoundError: [Errno 2] No such file or directory: '/home/dev/work/media/stablediffusion/stable-diffusion-webui-ux-arch/models/Lora/DreamARTSDXL (1).safetensors'

reading lora /home/dev/work/media/stablediffusion/stable-diffusion-webui-ux-arch/models/Lora/dvr-lnds-sdxl.safetensors: FileNotFoundError
Traceback (most recent call last):
  File "/home/dev/work/media/stablediffusion/stable-diffusion-webui-ux-arch/extensions-builtin/Lora/network.py", line 38, in __init__
    self.metadata = cache.cached_data_for_file('safetensors-metadata', "lora/" + self.name, filename, read_metadata)
  File "/home/dev/work/media/stablediffusion/stable-diffusion-webui-ux-arch/modules/cache.py", line 105, in cached_data_for_file
    ondisk_mtime = os.path.getmtime(filename)
  File "/home/dev/.local/share/uv/python/cpython-3.10.16-linux-x86_64-gnu/lib/python3.10/genericpath.py", line 55, in getmtime
    return os.stat(filename).st_mtime
FileNotFoundError: [Errno 2] No such file or directory: '/home/dev/work/media/stablediffusion/stable-diffusion-webui-ux-arch/models/Lora/dvr-lnds-sdxl.safetensors'

reading lora /home/dev/work/media/stablediffusion/stable-diffusion-webui-ux-arch/models/Lora/EGirlMakeup.safetensors: FileNotFoundError
Traceback (most recent call last):
  File "/home/dev/work/media/stablediffusion/stable-diffusion-webui-ux-arch/extensions-builtin/Lora/network.py", line 38, in __init__
    self.metadata = cache.cached_data_for_file('safetensors-metadata', "lora/" + self.name, filename, read_metadata)
  File "/home/dev/work/media/stablediffusion/stable-diffusion-webui-ux-arch/modules/cache.py", line 105, in cached_data_for_file
    ondisk_mtime = os.path.getmtime(filename)
  File "/home/dev/.local/share/uv/python/cpython-3.10.16-linux-x86_64-gnu/lib/python3.10/genericpath.py", line 55, in getmtime
    return os.stat(filename).st_mtime
FileNotFoundError: [Errno 2] No such file or directory: '/home/dev/work/media/stablediffusion/stable-diffusion-webui-ux-arch/models/Lora/EGirlMakeup.safetensors'

reading lora /home/dev/work/media/stablediffusion/stable-diffusion-webui-ux-arch/models/Lora/ElfFio_Illustrious.safetensors: FileNotFoundError
Traceback (most recent call last):
  File "/home/dev/work/media/stablediffusion/stable-diffusion-webui-ux-arch/extensions-builtin/Lora/network.py", line 38, in __init__
    self.metadata = cache.cached_data_for_file('safetensors-metadata', "lora/" + self.name, filename, read_metadata)
  File "/home/dev/work/media/stablediffusion/stable-diffusion-webui-ux-arch/modules/cache.py", line 105, in cached_data_for_file
    ondisk_mtime = os.path.getmtime(filename)
  File "/home/dev/.local/share/uv/python/cpython-3.10.16-linux-x86_64-gnu/lib/python3.10/genericpath.py", line 55, in getmtime
    return os.stat(filename).st_mtime
FileNotFoundError: [Errno 2] No such file or directory: '/home/dev/work/media/stablediffusion/stable-diffusion-webui-ux-arch/models/Lora/ElfFio_Illustrious.safetensors'

reading lora /home/dev/work/media/stablediffusion/stable-diffusion-webui-ux-arch/models/Lora/Ethereal_Realism_for_Illustrious_V2-000008.safetensors: FileNotFoundError
Traceback (most recent call last):
  File "/home/dev/work/media/stablediffusion/stable-diffusion-webui-ux-arch/extensions-builtin/Lora/network.py", line 38, in __init__
    self.metadata = cache.cached_data_for_file('safetensors-metadata', "lora/" + self.name, filename, read_metadata)
  File "/home/dev/work/media/stablediffusion/stable-diffusion-webui-ux-arch/modules/cache.py", line 105, in cached_data_for_file
    ondisk_mtime = os.path.getmtime(filename)
  File "/home/dev/.local/share/uv/python/cpython-3.10.16-linux-x86_64-gnu/lib/python3.10/genericpath.py", line 55, in getmtime
    return os.stat(filename).st_mtime
FileNotFoundError: [Errno 2] No such file or directory: '/home/dev/work/media/stablediffusion/stable-diffusion-webui-ux-arch/models/Lora/Ethereal_Realism_for_Illustrious_V2-000008.safetensors'

reading lora /home/dev/work/media/stablediffusion/stable-diffusion-webui-ux-arch/models/Lora/Expressive_H-000001.safetensors: FileNotFoundError
Traceback (most recent call last):
  File "/home/dev/work/media/stablediffusion/stable-diffusion-webui-ux-arch/extensions-builtin/Lora/network.py", line 38, in __init__
    self.metadata = cache.cached_data_for_file('safetensors-metadata', "lora/" + self.name, filename, read_metadata)
  File "/home/dev/work/media/stablediffusion/stable-diffusion-webui-ux-arch/modules/cache.py", line 105, in cached_data_for_file
    ondisk_mtime = os.path.getmtime(filename)
  File "/home/dev/.local/share/uv/python/cpython-3.10.16-linux-x86_64-gnu/lib/python3.10/genericpath.py", line 55, in getmtime
    return os.stat(filename).st_mtime
FileNotFoundError: [Errno 2] No such file or directory: '/home/dev/work/media/stablediffusion/stable-diffusion-webui-ux-arch/models/Lora/Expressive_H-000001.safetensors'

reading lora /home/dev/work/media/stablediffusion/stable-diffusion-webui-ux-arch/models/Lora/Eyes_for_Illustrious_Lora_Perfect_anime_eyes.safetensors: FileNotFoundError
Traceback (most recent call last):
  File "/home/dev/work/media/stablediffusion/stable-diffusion-webui-ux-arch/extensions-builtin/Lora/network.py", line 38, in __init__
    self.metadata = cache.cached_data_for_file('safetensors-metadata', "lora/" + self.name, filename, read_metadata)
  File "/home/dev/work/media/stablediffusion/stable-diffusion-webui-ux-arch/modules/cache.py", line 105, in cached_data_for_file
    ondisk_mtime = os.path.getmtime(filename)
  File "/home/dev/.local/share/uv/python/cpython-3.10.16-linux-x86_64-gnu/lib/python3.10/genericpath.py", line 55, in getmtime
    return os.stat(filename).st_mtime
FileNotFoundError: [Errno 2] No such file or directory: '/home/dev/work/media/stablediffusion/stable-diffusion-webui-ux-arch/models/Lora/Eyes_for_Illustrious_Lora_Perfect_anime_eyes.safetensors'

reading lora /home/dev/work/media/stablediffusion/stable-diffusion-webui-ux-arch/models/Lora/face_down_pony-6-pony.safetensors: FileNotFoundError
Traceback (most recent call last):
  File "/home/dev/work/media/stablediffusion/stable-diffusion-webui-ux-arch/extensions-builtin/Lora/network.py", line 38, in __init__
    self.metadata = cache.cached_data_for_file('safetensors-metadata', "lora/" + self.name, filename, read_metadata)
  File "/home/dev/work/media/stablediffusion/stable-diffusion-webui-ux-arch/modules/cache.py", line 105, in cached_data_for_file
    ondisk_mtime = os.path.getmtime(filename)
  File "/home/dev/.local/share/uv/python/cpython-3.10.16-linux-x86_64-gnu/lib/python3.10/genericpath.py", line 55, in getmtime
    return os.stat(filename).st_mtime
FileNotFoundError: [Errno 2] No such file or directory: '/home/dev/work/media/stablediffusion/stable-diffusion-webui-ux-arch/models/Lora/face_down_pony-6-pony.safetensors'

reading lora /home/dev/work/media/stablediffusion/stable-diffusion-webui-ux-arch/models/Lora/Fairy_HandjobPenis_Hug.safetensors: FileNotFoundError
Traceback (most recent call last):
  File "/home/dev/work/media/stablediffusion/stable-diffusion-webui-ux-arch/extensions-builtin/Lora/network.py", line 38, in __init__
    self.metadata = cache.cached_data_for_file('safetensors-metadata', "lora/" + self.name, filename, read_metadata)
  File "/home/dev/work/media/stablediffusion/stable-diffusion-webui-ux-arch/modules/cache.py", line 105, in cached_data_for_file
    ondisk_mtime = os.path.getmtime(filename)
  File "/home/dev/.local/share/uv/python/cpython-3.10.16-linux-x86_64-gnu/lib/python3.10/genericpath.py", line 55, in getmtime
    return os.stat(filename).st_mtime
FileNotFoundError: [Errno 2] No such file or directory: '/home/dev/work/media/stablediffusion/stable-diffusion-webui-ux-arch/models/Lora/Fairy_HandjobPenis_Hug.safetensors'

reading lora /home/dev/work/media/stablediffusion/stable-diffusion-webui-ux-arch/models/Lora/fdom_awall_v4.5_Pony-000012.safetensors: FileNotFoundError
Traceback (most recent call last):
  File "/home/dev/work/media/stablediffusion/stable-diffusion-webui-ux-arch/extensions-builtin/Lora/network.py", line 38, in __init__
    self.metadata = cache.cached_data_for_file('safetensors-metadata', "lora/" + self.name, filename, read_metadata)
  File "/home/dev/work/media/stablediffusion/stable-diffusion-webui-ux-arch/modules/cache.py", line 105, in cached_data_for_file
    ondisk_mtime = os.path.getmtime(filename)
  File "/home/dev/.local/share/uv/python/cpython-3.10.16-linux-x86_64-gnu/lib/python3.10/genericpath.py", line 55, in getmtime
    return os.stat(filename).st_mtime
FileNotFoundError: [Errno 2] No such file or directory: '/home/dev/work/media/stablediffusion/stable-diffusion-webui-ux-arch/models/Lora/fdom_awall_v4.5_Pony-000012.safetensors'

reading lora /home/dev/work/media/stablediffusion/stable-diffusion-webui-ux-arch/models/Lora/Feminine_real_nipples_extreme_close_up_concept.safetensors: FileNotFoundError
Traceback (most recent call last):
  File "/home/dev/work/media/stablediffusion/stable-diffusion-webui-ux-arch/extensions-builtin/Lora/network.py", line 38, in __init__
    self.metadata = cache.cached_data_for_file('safetensors-metadata', "lora/" + self.name, filename, read_metadata)
  File "/home/dev/work/media/stablediffusion/stable-diffusion-webui-ux-arch/modules/cache.py", line 105, in cached_data_for_file
    ondisk_mtime = os.path.getmtime(filename)
  File "/home/dev/.local/share/uv/python/cpython-3.10.16-linux-x86_64-gnu/lib/python3.10/genericpath.py", line 55, in getmtime
    return os.stat(filename).st_mtime
FileNotFoundError: [Errno 2] No such file or directory: '/home/dev/work/media/stablediffusion/stable-diffusion-webui-ux-arch/models/Lora/Feminine_real_nipples_extreme_close_up_concept.safetensors'

reading lora /home/dev/work/media/stablediffusion/stable-diffusion-webui-ux-arch/models/Lora/FFM3SOME-footjob-EFEME3ftfe-IL.safetensors: FileNotFoundError
Traceback (most recent call last):
  File "/home/dev/work/media/stablediffusion/stable-diffusion-webui-ux-arch/extensions-builtin/Lora/network.py", line 38, in __init__
    self.metadata = cache.cached_data_for_file('safetensors-metadata', "lora/" + self.name, filename, read_metadata)
  File "/home/dev/work/media/stablediffusion/stable-diffusion-webui-ux-arch/modules/cache.py", line 105, in cached_data_for_file
    ondisk_mtime = os.path.getmtime(filename)
  File "/home/dev/.local/share/uv/python/cpython-3.10.16-linux-x86_64-gnu/lib/python3.10/genericpath.py", line 55, in getmtime
    return os.stat(filename).st_mtime
FileNotFoundError: [Errno 2] No such file or directory: '/home/dev/work/media/stablediffusion/stable-diffusion-webui-ux-arch/models/Lora/FFM3SOME-footjob-EFEME3ftfe-IL.safetensors'

reading lora /home/dev/work/media/stablediffusion/stable-diffusion-webui-ux-arch/models/Lora/FFM3SOME-SIDE-FEFEME3S-IL.safetensors: FileNotFoundError
Traceback (most recent call last):
  File "/home/dev/work/media/stablediffusion/stable-diffusion-webui-ux-arch/extensions-builtin/Lora/network.py", line 38, in __init__
    self.metadata = cache.cached_data_for_file('safetensors-metadata', "lora/" + self.name, filename, read_metadata)
  File "/home/dev/work/media/stablediffusion/stable-diffusion-webui-ux-arch/modules/cache.py", line 105, in cached_data_for_file
    ondisk_mtime = os.path.getmtime(filename)
  File "/home/dev/.local/share/uv/python/cpython-3.10.16-linux-x86_64-gnu/lib/python3.10/genericpath.py", line 55, in getmtime
    return os.stat(filename).st_mtime
FileNotFoundError: [Errno 2] No such file or directory: '/home/dev/work/media/stablediffusion/stable-diffusion-webui-ux-arch/models/Lora/FFM3SOME-SIDE-FEFEME3S-IL.safetensors'

reading lora /home/dev/work/media/stablediffusion/stable-diffusion-webui-ux-arch/models/Lora/finger_in_thong.safetensors: FileNotFoundError
Traceback (most recent call last):
  File "/home/dev/work/media/stablediffusion/stable-diffusion-webui-ux-arch/extensions-builtin/Lora/network.py", line 38, in __init__
    self.metadata = cache.cached_data_for_file('safetensors-metadata', "lora/" + self.name, filename, read_metadata)
  File "/home/dev/work/media/stablediffusion/stable-diffusion-webui-ux-arch/modules/cache.py", line 105, in cached_data_for_file
    ondisk_mtime = os.path.getmtime(filename)
  File "/home/dev/.local/share/uv/python/cpython-3.10.16-linux-x86_64-gnu/lib/python3.10/genericpath.py", line 55, in getmtime
    return os.stat(filename).st_mtime
FileNotFoundError: [Errno 2] No such file or directory: '/home/dev/work/media/stablediffusion/stable-diffusion-webui-ux-arch/models/Lora/finger_in_thong.safetensors'

reading lora /home/dev/work/media/stablediffusion/stable-diffusion-webui-ux-arch/models/Lora/FlintsSemiRealStylePony-10.safetensors: FileNotFoundError
Traceback (most recent call last):
  File "/home/dev/work/media/stablediffusion/stable-diffusion-webui-ux-arch/extensions-builtin/Lora/network.py", line 38, in __init__
    self.metadata = cache.cached_data_for_file('safetensors-metadata', "lora/" + self.name, filename, read_metadata)
  File "/home/dev/work/media/stablediffusion/stable-diffusion-webui-ux-arch/modules/cache.py", line 105, in cached_data_for_file
    ondisk_mtime = os.path.getmtime(filename)
  File "/home/dev/.local/share/uv/python/cpython-3.10.16-linux-x86_64-gnu/lib/python3.10/genericpath.py", line 55, in getmtime
    return os.stat(filename).st_mtime
FileNotFoundError: [Errno 2] No such file or directory: '/home/dev/work/media/stablediffusion/stable-diffusion-webui-ux-arch/models/Lora/FlintsSemiRealStylePony-10.safetensors'

reading lora /home/dev/work/media/stablediffusion/stable-diffusion-webui-ux-arch/models/Lora/Flirting_Expression_SDXL.safetensors: FileNotFoundError
Traceback (most recent call last):
  File "/home/dev/work/media/stablediffusion/stable-diffusion-webui-ux-arch/extensions-builtin/Lora/network.py", line 38, in __init__
    self.metadata = cache.cached_data_for_file('safetensors-metadata', "lora/" + self.name, filename, read_metadata)
  File "/home/dev/work/media/stablediffusion/stable-diffusion-webui-ux-arch/modules/cache.py", line 105, in cached_data_for_file
    ondisk_mtime = os.path.getmtime(filename)
  File "/home/dev/.local/share/uv/python/cpython-3.10.16-linux-x86_64-gnu/lib/python3.10/genericpath.py", line 55, in getmtime
    return os.stat(filename).st_mtime
FileNotFoundError: [Errno 2] No such file or directory: '/home/dev/work/media/stablediffusion/stable-diffusion-webui-ux-arch/models/Lora/Flirting_Expression_SDXL.safetensors'

reading lora /home/dev/work/media/stablediffusion/stable-diffusion-webui-ux-arch/models/Lora/FluxieStyle_IXL.safetensors: FileNotFoundError
Traceback (most recent call last):
  File "/home/dev/work/media/stablediffusion/stable-diffusion-webui-ux-arch/extensions-builtin/Lora/network.py", line 38, in __init__
    self.metadata = cache.cached_data_for_file('safetensors-metadata', "lora/" + self.name, filename, read_metadata)
  File "/home/dev/work/media/stablediffusion/stable-diffusion-webui-ux-arch/modules/cache.py", line 105, in cached_data_for_file
    ondisk_mtime = os.path.getmtime(filename)
  File "/home/dev/.local/share/uv/python/cpython-3.10.16-linux-x86_64-gnu/lib/python3.10/genericpath.py", line 55, in getmtime
    return os.stat(filename).st_mtime
FileNotFoundError: [Errno 2] No such file or directory: '/home/dev/work/media/stablediffusion/stable-diffusion-webui-ux-arch/models/Lora/FluxieStyle_IXL.safetensors'

reading lora /home/dev/work/media/stablediffusion/stable-diffusion-webui-ux-arch/models/Lora/For Pony v0.2_epoch_20.safetensors: FileNotFoundError
Traceback (most recent call last):
  File "/home/dev/work/media/stablediffusion/stable-diffusion-webui-ux-arch/extensions-builtin/Lora/network.py", line 38, in __init__
    self.metadata = cache.cached_data_for_file('safetensors-metadata', "lora/" + self.name, filename, read_metadata)
  File "/home/dev/work/media/stablediffusion/stable-diffusion-webui-ux-arch/modules/cache.py", line 105, in cached_data_for_file
    ondisk_mtime = os.path.getmtime(filename)
  File "/home/dev/.local/share/uv/python/cpython-3.10.16-linux-x86_64-gnu/lib/python3.10/genericpath.py", line 55, in getmtime
    return os.stat(filename).st_mtime
FileNotFoundError: [Errno 2] No such file or directory: '/home/dev/work/media/stablediffusion/stable-diffusion-webui-ux-arch/models/Lora/For Pony v0.2_epoch_20.safetensors'

reading lora /home/dev/work/media/stablediffusion/stable-diffusion-webui-ux-arch/models/Lora/g0th1c2XLP.safetensors: FileNotFoundError
Traceback (most recent call last):
  File "/home/dev/work/media/stablediffusion/stable-diffusion-webui-ux-arch/extensions-builtin/Lora/network.py", line 38, in __init__
    self.metadata = cache.cached_data_for_file('safetensors-metadata', "lora/" + self.name, filename, read_metadata)
  File "/home/dev/work/media/stablediffusion/stable-diffusion-webui-ux-arch/modules/cache.py", line 105, in cached_data_for_file
    ondisk_mtime = os.path.getmtime(filename)
  File "/home/dev/.local/share/uv/python/cpython-3.10.16-linux-x86_64-gnu/lib/python3.10/genericpath.py", line 55, in getmtime
    return os.stat(filename).st_mtime
FileNotFoundError: [Errno 2] No such file or directory: '/home/dev/work/media/stablediffusion/stable-diffusion-webui-ux-arch/models/Lora/g0th1c2XLP.safetensors'

reading lora /home/dev/work/media/stablediffusion/stable-diffusion-webui-ux-arch/models/Lora/Galaxium_IXL.safetensors: FileNotFoundError
Traceback (most recent call last):
  File "/home/dev/work/media/stablediffusion/stable-diffusion-webui-ux-arch/extensions-builtin/Lora/network.py", line 38, in __init__
    self.metadata = cache.cached_data_for_file('safetensors-metadata', "lora/" + self.name, filename, read_metadata)
  File "/home/dev/work/media/stablediffusion/stable-diffusion-webui-ux-arch/modules/cache.py", line 105, in cached_data_for_file
    ondisk_mtime = os.path.getmtime(filename)
  File "/home/dev/.local/share/uv/python/cpython-3.10.16-linux-x86_64-gnu/lib/python3.10/genericpath.py", line 55, in getmtime
    return os.stat(filename).st_mtime
FileNotFoundError: [Errno 2] No such file or directory: '/home/dev/work/media/stablediffusion/stable-diffusion-webui-ux-arch/models/Lora/Galaxium_IXL.safetensors'

reading lora /home/dev/work/media/stablediffusion/stable-diffusion-webui-ux-arch/models/Lora/GirlMadeWithEmbeddings-Zoe.safetensors: FileNotFoundError
Traceback (most recent call last):
  File "/home/dev/work/media/stablediffusion/stable-diffusion-webui-ux-arch/extensions-builtin/Lora/network.py", line 38, in __init__
    self.metadata = cache.cached_data_for_file('safetensors-metadata', "lora/" + self.name, filename, read_metadata)
  File "/home/dev/work/media/stablediffusion/stable-diffusion-webui-ux-arch/modules/cache.py", line 105, in cached_data_for_file
    ondisk_mtime = os.path.getmtime(filename)
  File "/home/dev/.local/share/uv/python/cpython-3.10.16-linux-x86_64-gnu/lib/python3.10/genericpath.py", line 55, in getmtime
    return os.stat(filename).st_mtime
FileNotFoundError: [Errno 2] No such file or directory: '/home/dev/work/media/stablediffusion/stable-diffusion-webui-ux-arch/models/Lora/GirlMadeWithEmbeddings-Zoe.safetensors'

reading lora /home/dev/work/media/stablediffusion/stable-diffusion-webui-ux-arch/models/Lora/GrabballsSDXL.safetensors: FileNotFoundError
Traceback (most recent call last):
  File "/home/dev/work/media/stablediffusion/stable-diffusion-webui-ux-arch/extensions-builtin/Lora/network.py", line 38, in __init__
    self.metadata = cache.cached_data_for_file('safetensors-metadata', "lora/" + self.name, filename, read_metadata)
  File "/home/dev/work/media/stablediffusion/stable-diffusion-webui-ux-arch/modules/cache.py", line 105, in cached_data_for_file
    ondisk_mtime = os.path.getmtime(filename)
  File "/home/dev/.local/share/uv/python/cpython-3.10.16-linux-x86_64-gnu/lib/python3.10/genericpath.py", line 55, in getmtime
    return os.stat(filename).st_mtime
FileNotFoundError: [Errno 2] No such file or directory: '/home/dev/work/media/stablediffusion/stable-diffusion-webui-ux-arch/models/Lora/GrabballsSDXL.safetensors'

reading lora /home/dev/work/media/stablediffusion/stable-diffusion-webui-ux-arch/models/Lora/GT_Semi-Realism.safetensors: FileNotFoundError
Traceback (most recent call last):
  File "/home/dev/work/media/stablediffusion/stable-diffusion-webui-ux-arch/extensions-builtin/Lora/network.py", line 38, in __init__
    self.metadata = cache.cached_data_for_file('safetensors-metadata', "lora/" + self.name, filename, read_metadata)
  File "/home/dev/work/media/stablediffusion/stable-diffusion-webui-ux-arch/modules/cache.py", line 105, in cached_data_for_file
    ondisk_mtime = os.path.getmtime(filename)
  File "/home/dev/.local/share/uv/python/cpython-3.10.16-linux-x86_64-gnu/lib/python3.10/genericpath.py", line 55, in getmtime
    return os.stat(filename).st_mtime
FileNotFoundError: [Errno 2] No such file or directory: '/home/dev/work/media/stablediffusion/stable-diffusion-webui-ux-arch/models/Lora/GT_Semi-Realism.safetensors'

reading lora /home/dev/work/media/stablediffusion/stable-diffusion-webui-ux-arch/models/Lora/HandFixer_pdxl_Incrs_v1.safetensors: FileNotFoundError
Traceback (most recent call last):
  File "/home/dev/work/media/stablediffusion/stable-diffusion-webui-ux-arch/extensions-builtin/Lora/network.py", line 38, in __init__
    self.metadata = cache.cached_data_for_file('safetensors-metadata', "lora/" + self.name, filename, read_metadata)
  File "/home/dev/work/media/stablediffusion/stable-diffusion-webui-ux-arch/modules/cache.py", line 105, in cached_data_for_file
    ondisk_mtime = os.path.getmtime(filename)
  File "/home/dev/.local/share/uv/python/cpython-3.10.16-linux-x86_64-gnu/lib/python3.10/genericpath.py", line 55, in getmtime
    return os.stat(filename).st_mtime
FileNotFoundError: [Errno 2] No such file or directory: '/home/dev/work/media/stablediffusion/stable-diffusion-webui-ux-arch/models/Lora/HandFixer_pdxl_Incrs_v1.safetensors'

reading lora /home/dev/work/media/stablediffusion/stable-diffusion-webui-ux-arch/models/Lora/handjob-car-interior-illustriousxl-lora-nochekaiser.safetensors: FileNotFoundError
Traceback (most recent call last):
  File "/home/dev/work/media/stablediffusion/stable-diffusion-webui-ux-arch/extensions-builtin/Lora/network.py", line 38, in __init__
    self.metadata = cache.cached_data_for_file('safetensors-metadata', "lora/" + self.name, filename, read_metadata)
  File "/home/dev/work/media/stablediffusion/stable-diffusion-webui-ux-arch/modules/cache.py", line 105, in cached_data_for_file
    ondisk_mtime = os.path.getmtime(filename)
  File "/home/dev/.local/share/uv/python/cpython-3.10.16-linux-x86_64-gnu/lib/python3.10/genericpath.py", line 55, in getmtime
    return os.stat(filename).st_mtime
FileNotFoundError: [Errno 2] No such file or directory: '/home/dev/work/media/stablediffusion/stable-diffusion-webui-ux-arch/models/Lora/handjob-car-interior-illustriousxl-lora-nochekaiser.safetensors'

reading lora /home/dev/work/media/stablediffusion/stable-diffusion-webui-ux-arch/models/Lora/HardNipples.safetensors: FileNotFoundError
Traceback (most recent call last):
  File "/home/dev/work/media/stablediffusion/stable-diffusion-webui-ux-arch/extensions-builtin/Lora/network.py", line 38, in __init__
    self.metadata = cache.cached_data_for_file('safetensors-metadata', "lora/" + self.name, filename, read_metadata)
  File "/home/dev/work/media/stablediffusion/stable-diffusion-webui-ux-arch/modules/cache.py", line 105, in cached_data_for_file
    ondisk_mtime = os.path.getmtime(filename)
  File "/home/dev/.local/share/uv/python/cpython-3.10.16-linux-x86_64-gnu/lib/python3.10/genericpath.py", line 55, in getmtime
    return os.stat(filename).st_mtime
FileNotFoundError: [Errno 2] No such file or directory: '/home/dev/work/media/stablediffusion/stable-diffusion-webui-ux-arch/models/Lora/HardNipples.safetensors'

reading lora /home/dev/work/media/stablediffusion/stable-diffusion-webui-ux-arch/models/Lora/HassaKu_style.safetensors: FileNotFoundError
Traceback (most recent call last):
  File "/home/dev/work/media/stablediffusion/stable-diffusion-webui-ux-arch/extensions-builtin/Lora/network.py", line 38, in __init__
    self.metadata = cache.cached_data_for_file('safetensors-metadata', "lora/" + self.name, filename, read_metadata)
  File "/home/dev/work/media/stablediffusion/stable-diffusion-webui-ux-arch/modules/cache.py", line 105, in cached_data_for_file
    ondisk_mtime = os.path.getmtime(filename)
  File "/home/dev/.local/share/uv/python/cpython-3.10.16-linux-x86_64-gnu/lib/python3.10/genericpath.py", line 55, in getmtime
    return os.stat(filename).st_mtime
FileNotFoundError: [Errno 2] No such file or directory: '/home/dev/work/media/stablediffusion/stable-diffusion-webui-ux-arch/models/Lora/HassaKu_style.safetensors'

reading lora /home/dev/work/media/stablediffusion/stable-diffusion-webui-ux-arch/models/Lora/HBB2.safetensors: FileNotFoundError
Traceback (most recent call last):
  File "/home/dev/work/media/stablediffusion/stable-diffusion-webui-ux-arch/extensions-builtin/Lora/network.py", line 38, in __init__
    self.metadata = cache.cached_data_for_file('safetensors-metadata', "lora/" + self.name, filename, read_metadata)
  File "/home/dev/work/media/stablediffusion/stable-diffusion-webui-ux-arch/modules/cache.py", line 105, in cached_data_for_file
    ondisk_mtime = os.path.getmtime(filename)
  File "/home/dev/.local/share/uv/python/cpython-3.10.16-linux-x86_64-gnu/lib/python3.10/genericpath.py", line 55, in getmtime
    return os.stat(filename).st_mtime
FileNotFoundError: [Errno 2] No such file or directory: '/home/dev/work/media/stablediffusion/stable-diffusion-webui-ux-arch/models/Lora/HBB2.safetensors'

reading lora /home/dev/work/media/stablediffusion/stable-diffusion-webui-ux-arch/models/Lora/high_school_girl_bob_cut.safetensors: FileNotFoundError
Traceback (most recent call last):
  File "/home/dev/work/media/stablediffusion/stable-diffusion-webui-ux-arch/extensions-builtin/Lora/network.py", line 38, in __init__
    self.metadata = cache.cached_data_for_file('safetensors-metadata', "lora/" + self.name, filename, read_metadata)
  File "/home/dev/work/media/stablediffusion/stable-diffusion-webui-ux-arch/modules/cache.py", line 105, in cached_data_for_file
    ondisk_mtime = os.path.getmtime(filename)
  File "/home/dev/.local/share/uv/python/cpython-3.10.16-linux-x86_64-gnu/lib/python3.10/genericpath.py", line 55, in getmtime
    return os.stat(filename).st_mtime
FileNotFoundError: [Errno 2] No such file or directory: '/home/dev/work/media/stablediffusion/stable-diffusion-webui-ux-arch/models/Lora/high_school_girl_bob_cut.safetensors'

reading lora /home/dev/work/media/stablediffusion/stable-diffusion-webui-ux-arch/models/Lora/Horror_Style_Illustrious_r2.safetensors: FileNotFoundError
Traceback (most recent call last):
  File "/home/dev/work/media/stablediffusion/stable-diffusion-webui-ux-arch/extensions-builtin/Lora/network.py", line 38, in __init__
    self.metadata = cache.cached_data_for_file('safetensors-metadata', "lora/" + self.name, filename, read_metadata)
  File "/home/dev/work/media/stablediffusion/stable-diffusion-webui-ux-arch/modules/cache.py", line 105, in cached_data_for_file
    ondisk_mtime = os.path.getmtime(filename)
  File "/home/dev/.local/share/uv/python/cpython-3.10.16-linux-x86_64-gnu/lib/python3.10/genericpath.py", line 55, in getmtime
    return os.stat(filename).st_mtime
FileNotFoundError: [Errno 2] No such file or directory: '/home/dev/work/media/stablediffusion/stable-diffusion-webui-ux-arch/models/Lora/Horror_Style_Illustrious_r2.safetensors'

reading lora /home/dev/work/media/stablediffusion/stable-diffusion-webui-ux-arch/models/Lora/Horror_Style_SDXL_2.0.safetensors: FileNotFoundError
Traceback (most recent call last):
  File "/home/dev/work/media/stablediffusion/stable-diffusion-webui-ux-arch/extensions-builtin/Lora/network.py", line 38, in __init__
    self.metadata = cache.cached_data_for_file('safetensors-metadata', "lora/" + self.name, filename, read_metadata)
  File "/home/dev/work/media/stablediffusion/stable-diffusion-webui-ux-arch/modules/cache.py", line 105, in cached_data_for_file
    ondisk_mtime = os.path.getmtime(filename)
  File "/home/dev/.local/share/uv/python/cpython-3.10.16-linux-x86_64-gnu/lib/python3.10/genericpath.py", line 55, in getmtime
    return os.stat(filename).st_mtime
FileNotFoundError: [Errno 2] No such file or directory: '/home/dev/work/media/stablediffusion/stable-diffusion-webui-ux-arch/models/Lora/Horror_Style_SDXL_2.0.safetensors'

reading lora /home/dev/work/media/stablediffusion/stable-diffusion-webui-ux-arch/models/Lora/Horror_Style_Update.safetensors: FileNotFoundError
Traceback (most recent call last):
  File "/home/dev/work/media/stablediffusion/stable-diffusion-webui-ux-arch/extensions-builtin/Lora/network.py", line 38, in __init__
    self.metadata = cache.cached_data_for_file('safetensors-metadata', "lora/" + self.name, filename, read_metadata)
  File "/home/dev/work/media/stablediffusion/stable-diffusion-webui-ux-arch/modules/cache.py", line 105, in cached_data_for_file
    ondisk_mtime = os.path.getmtime(filename)
  File "/home/dev/.local/share/uv/python/cpython-3.10.16-linux-x86_64-gnu/lib/python3.10/genericpath.py", line 55, in getmtime
    return os.stat(filename).st_mtime
FileNotFoundError: [Errno 2] No such file or directory: '/home/dev/work/media/stablediffusion/stable-diffusion-webui-ux-arch/models/Lora/Horror_Style_Update.safetensors'

reading lora /home/dev/work/media/stablediffusion/stable-diffusion-webui-ux-arch/models/Lora/HT_Pajamas-000015.safetensors: FileNotFoundError
Traceback (most recent call last):
  File "/home/dev/work/media/stablediffusion/stable-diffusion-webui-ux-arch/extensions-builtin/Lora/network.py", line 38, in __init__
    self.metadata = cache.cached_data_for_file('safetensors-metadata', "lora/" + self.name, filename, read_metadata)
  File "/home/dev/work/media/stablediffusion/stable-diffusion-webui-ux-arch/modules/cache.py", line 105, in cached_data_for_file
    ondisk_mtime = os.path.getmtime(filename)
  File "/home/dev/.local/share/uv/python/cpython-3.10.16-linux-x86_64-gnu/lib/python3.10/genericpath.py", line 55, in getmtime
    return os.stat(filename).st_mtime
FileNotFoundError: [Errno 2] No such file or directory: '/home/dev/work/media/stablediffusion/stable-diffusion-webui-ux-arch/models/Lora/HT_Pajamas-000015.safetensors'

reading lora /home/dev/work/media/stablediffusion/stable-diffusion-webui-ux-arch/models/Lora/hyper3.safetensors: FileNotFoundError
Traceback (most recent call last):
  File "/home/dev/work/media/stablediffusion/stable-diffusion-webui-ux-arch/extensions-builtin/Lora/network.py", line 38, in __init__
    self.metadata = cache.cached_data_for_file('safetensors-metadata', "lora/" + self.name, filename, read_metadata)
  File "/home/dev/work/media/stablediffusion/stable-diffusion-webui-ux-arch/modules/cache.py", line 105, in cached_data_for_file
    ondisk_mtime = os.path.getmtime(filename)
  File "/home/dev/.local/share/uv/python/cpython-3.10.16-linux-x86_64-gnu/lib/python3.10/genericpath.py", line 55, in getmtime
    return os.stat(filename).st_mtime
FileNotFoundError: [Errno 2] No such file or directory: '/home/dev/work/media/stablediffusion/stable-diffusion-webui-ux-arch/models/Lora/hyper3.safetensors'

reading lora /home/dev/work/media/stablediffusion/stable-diffusion-webui-ux-arch/models/Lora/HyperdetailedRealismMJ7Illustrious.safetensors: FileNotFoundError
Traceback (most recent call last):
  File "/home/dev/work/media/stablediffusion/stable-diffusion-webui-ux-arch/extensions-builtin/Lora/network.py", line 38, in __init__
    self.metadata = cache.cached_data_for_file('safetensors-metadata', "lora/" + self.name, filename, read_metadata)
  File "/home/dev/work/media/stablediffusion/stable-diffusion-webui-ux-arch/modules/cache.py", line 105, in cached_data_for_file
    ondisk_mtime = os.path.getmtime(filename)
  File "/home/dev/.local/share/uv/python/cpython-3.10.16-linux-x86_64-gnu/lib/python3.10/genericpath.py", line 55, in getmtime
    return os.stat(filename).st_mtime
FileNotFoundError: [Errno 2] No such file or directory: '/home/dev/work/media/stablediffusion/stable-diffusion-webui-ux-arch/models/Lora/HyperdetailedRealismMJ7Illustrious.safetensors'

reading lora /home/dev/work/media/stablediffusion/stable-diffusion-webui-ux-arch/models/Lora/HyperdetailedRealismMJ7SDXL.safetensors: FileNotFoundError
Traceback (most recent call last):
  File "/home/dev/work/media/stablediffusion/stable-diffusion-webui-ux-arch/extensions-builtin/Lora/network.py", line 38, in __init__
    self.metadata = cache.cached_data_for_file('safetensors-metadata', "lora/" + self.name, filename, read_metadata)
  File "/home/dev/work/media/stablediffusion/stable-diffusion-webui-ux-arch/modules/cache.py", line 105, in cached_data_for_file
    ondisk_mtime = os.path.getmtime(filename)
  File "/home/dev/.local/share/uv/python/cpython-3.10.16-linux-x86_64-gnu/lib/python3.10/genericpath.py", line 55, in getmtime
    return os.stat(filename).st_mtime
FileNotFoundError: [Errno 2] No such file or directory: '/home/dev/work/media/stablediffusion/stable-diffusion-webui-ux-arch/models/Lora/HyperdetailedRealismMJ7SDXL.safetensors'

reading lora /home/dev/work/media/stablediffusion/stable-diffusion-webui-ux-arch/models/Lora/Hyperrealistic_illustrious (1).safetensors: FileNotFoundError
Traceback (most recent call last):
  File "/home/dev/work/media/stablediffusion/stable-diffusion-webui-ux-arch/extensions-builtin/Lora/network.py", line 38, in __init__
    self.metadata = cache.cached_data_for_file('safetensors-metadata', "lora/" + self.name, filename, read_metadata)
  File "/home/dev/work/media/stablediffusion/stable-diffusion-webui-ux-arch/modules/cache.py", line 105, in cached_data_for_file
    ondisk_mtime = os.path.getmtime(filename)
  File "/home/dev/.local/share/uv/python/cpython-3.10.16-linux-x86_64-gnu/lib/python3.10/genericpath.py", line 55, in getmtime
    return os.stat(filename).st_mtime
FileNotFoundError: [Errno 2] No such file or directory: '/home/dev/work/media/stablediffusion/stable-diffusion-webui-ux-arch/models/Lora/Hyperrealistic_illustrious (1).safetensors'

reading lora /home/dev/work/media/stablediffusion/stable-diffusion-webui-ux-arch/models/Lora/IckpotIXL_v1.safetensors: FileNotFoundError
Traceback (most recent call last):
  File "/home/dev/work/media/stablediffusion/stable-diffusion-webui-ux-arch/extensions-builtin/Lora/network.py", line 38, in __init__
    self.metadata = cache.cached_data_for_file('safetensors-metadata', "lora/" + self.name, filename, read_metadata)
  File "/home/dev/work/media/stablediffusion/stable-diffusion-webui-ux-arch/modules/cache.py", line 105, in cached_data_for_file
    ondisk_mtime = os.path.getmtime(filename)
  File "/home/dev/.local/share/uv/python/cpython-3.10.16-linux-x86_64-gnu/lib/python3.10/genericpath.py", line 55, in getmtime
    return os.stat(filename).st_mtime
FileNotFoundError: [Errno 2] No such file or directory: '/home/dev/work/media/stablediffusion/stable-diffusion-webui-ux-arch/models/Lora/IckpotIXL_v1.safetensors'

reading lora /home/dev/work/media/stablediffusion/stable-diffusion-webui-ux-arch/models/Lora/iLLMythD4rkL1nesV2.safetensors: FileNotFoundError
Traceback (most recent call last):
  File "/home/dev/work/media/stablediffusion/stable-diffusion-webui-ux-arch/extensions-builtin/Lora/network.py", line 38, in __init__
    self.metadata = cache.cached_data_for_file('safetensors-metadata', "lora/" + self.name, filename, read_metadata)
  File "/home/dev/work/media/stablediffusion/stable-diffusion-webui-ux-arch/modules/cache.py", line 105, in cached_data_for_file
    ondisk_mtime = os.path.getmtime(filename)
  File "/home/dev/.local/share/uv/python/cpython-3.10.16-linux-x86_64-gnu/lib/python3.10/genericpath.py", line 55, in getmtime
    return os.stat(filename).st_mtime
FileNotFoundError: [Errno 2] No such file or directory: '/home/dev/work/media/stablediffusion/stable-diffusion-webui-ux-arch/models/Lora/iLLMythD4rkL1nesV2.safetensors'

reading lora /home/dev/work/media/stablediffusion/stable-diffusion-webui-ux-arch/models/Lora/Incase_Journals_style_V1.5.safetensors: FileNotFoundError
Traceback (most recent call last):
  File "/home/dev/work/media/stablediffusion/stable-diffusion-webui-ux-arch/extensions-builtin/Lora/network.py", line 38, in __init__
    self.metadata = cache.cached_data_for_file('safetensors-metadata', "lora/" + self.name, filename, read_metadata)
  File "/home/dev/work/media/stablediffusion/stable-diffusion-webui-ux-arch/modules/cache.py", line 105, in cached_data_for_file
    ondisk_mtime = os.path.getmtime(filename)
  File "/home/dev/.local/share/uv/python/cpython-3.10.16-linux-x86_64-gnu/lib/python3.10/genericpath.py", line 55, in getmtime
    return os.stat(filename).st_mtime
FileNotFoundError: [Errno 2] No such file or directory: '/home/dev/work/media/stablediffusion/stable-diffusion-webui-ux-arch/models/Lora/Incase_Journals_style_V1.5.safetensors'

reading lora /home/dev/work/media/stablediffusion/stable-diffusion-webui-ux-arch/models/Lora/Incase_New_IllustV3.safetensors: FileNotFoundError
Traceback (most recent call last):
  File "/home/dev/work/media/stablediffusion/stable-diffusion-webui-ux-arch/extensions-builtin/Lora/network.py", line 38, in __init__
    self.metadata = cache.cached_data_for_file('safetensors-metadata', "lora/" + self.name, filename, read_metadata)
  File "/home/dev/work/media/stablediffusion/stable-diffusion-webui-ux-arch/modules/cache.py", line 105, in cached_data_for_file
    ondisk_mtime = os.path.getmtime(filename)
  File "/home/dev/.local/share/uv/python/cpython-3.10.16-linux-x86_64-gnu/lib/python3.10/genericpath.py", line 55, in getmtime
    return os.stat(filename).st_mtime
FileNotFoundError: [Errno 2] No such file or directory: '/home/dev/work/media/stablediffusion/stable-diffusion-webui-ux-arch/models/Lora/Incase_New_IllustV3.safetensors'

reading lora /home/dev/work/media/stablediffusion/stable-diffusion-webui-ux-arch/models/Lora/incase_new_style_red_ill.safetensors: FileNotFoundError
Traceback (most recent call last):
  File "/home/dev/work/media/stablediffusion/stable-diffusion-webui-ux-arch/extensions-builtin/Lora/network.py", line 38, in __init__
    self.metadata = cache.cached_data_for_file('safetensors-metadata', "lora/" + self.name, filename, read_metadata)
  File "/home/dev/work/media/stablediffusion/stable-diffusion-webui-ux-arch/modules/cache.py", line 105, in cached_data_for_file
    ondisk_mtime = os.path.getmtime(filename)
  File "/home/dev/.local/share/uv/python/cpython-3.10.16-linux-x86_64-gnu/lib/python3.10/genericpath.py", line 55, in getmtime
    return os.stat(filename).st_mtime
FileNotFoundError: [Errno 2] No such file or directory: '/home/dev/work/media/stablediffusion/stable-diffusion-webui-ux-arch/models/Lora/incase_new_style_red_ill.safetensors'

reading lora /home/dev/work/media/stablediffusion/stable-diffusion-webui-ux-arch/models/Lora/Incase_PDXLV1.5full.safetensors: FileNotFoundError
Traceback (most recent call last):
  File "/home/dev/work/media/stablediffusion/stable-diffusion-webui-ux-arch/extensions-builtin/Lora/network.py", line 38, in __init__
    self.metadata = cache.cached_data_for_file('safetensors-metadata', "lora/" + self.name, filename, read_metadata)
  File "/home/dev/work/media/stablediffusion/stable-diffusion-webui-ux-arch/modules/cache.py", line 105, in cached_data_for_file
    ondisk_mtime = os.path.getmtime(filename)
  File "/home/dev/.local/share/uv/python/cpython-3.10.16-linux-x86_64-gnu/lib/python3.10/genericpath.py", line 55, in getmtime
    return os.stat(filename).st_mtime
FileNotFoundError: [Errno 2] No such file or directory: '/home/dev/work/media/stablediffusion/stable-diffusion-webui-ux-arch/models/Lora/Incase_PDXLV1.5full.safetensors'

reading lora /home/dev/work/media/stablediffusion/stable-diffusion-webui-ux-arch/models/Lora/Incase_PDXLV1.5Resize.safetensors: FileNotFoundError
Traceback (most recent call last):
  File "/home/dev/work/media/stablediffusion/stable-diffusion-webui-ux-arch/extensions-builtin/Lora/network.py", line 38, in __init__
    self.metadata = cache.cached_data_for_file('safetensors-metadata', "lora/" + self.name, filename, read_metadata)
  File "/home/dev/work/media/stablediffusion/stable-diffusion-webui-ux-arch/modules/cache.py", line 105, in cached_data_for_file
    ondisk_mtime = os.path.getmtime(filename)
  File "/home/dev/.local/share/uv/python/cpython-3.10.16-linux-x86_64-gnu/lib/python3.10/genericpath.py", line 55, in getmtime
    return os.stat(filename).st_mtime
FileNotFoundError: [Errno 2] No such file or directory: '/home/dev/work/media/stablediffusion/stable-diffusion-webui-ux-arch/models/Lora/Incase_PDXLV1.5Resize.safetensors'

reading lora /home/dev/work/media/stablediffusion/stable-diffusion-webui-ux-arch/models/Lora/incase_style_v2_ponyxl_ilff.safetensors: FileNotFoundError
Traceback (most recent call last):
  File "/home/dev/work/media/stablediffusion/stable-diffusion-webui-ux-arch/extensions-builtin/Lora/network.py", line 38, in __init__
    self.metadata = cache.cached_data_for_file('safetensors-metadata', "lora/" + self.name, filename, read_metadata)
  File "/home/dev/work/media/stablediffusion/stable-diffusion-webui-ux-arch/modules/cache.py", line 105, in cached_data_for_file
    ondisk_mtime = os.path.getmtime(filename)
  File "/home/dev/.local/share/uv/python/cpython-3.10.16-linux-x86_64-gnu/lib/python3.10/genericpath.py", line 55, in getmtime
    return os.stat(filename).st_mtime
FileNotFoundError: [Errno 2] No such file or directory: '/home/dev/work/media/stablediffusion/stable-diffusion-webui-ux-arch/models/Lora/incase_style_v2_ponyxl_ilff.safetensors'

reading lora /home/dev/work/media/stablediffusion/stable-diffusion-webui-ux-arch/models/Lora/incase_style_v3-1_ponyxl_ilff.safetensors: FileNotFoundError
Traceback (most recent call last):
  File "/home/dev/work/media/stablediffusion/stable-diffusion-webui-ux-arch/extensions-builtin/Lora/network.py", line 38, in __init__
    self.metadata = cache.cached_data_for_file('safetensors-metadata', "lora/" + self.name, filename, read_metadata)
  File "/home/dev/work/media/stablediffusion/stable-diffusion-webui-ux-arch/modules/cache.py", line 105, in cached_data_for_file
    ondisk_mtime = os.path.getmtime(filename)
  File "/home/dev/.local/share/uv/python/cpython-3.10.16-linux-x86_64-gnu/lib/python3.10/genericpath.py", line 55, in getmtime
    return os.stat(filename).st_mtime
FileNotFoundError: [Errno 2] No such file or directory: '/home/dev/work/media/stablediffusion/stable-diffusion-webui-ux-arch/models/Lora/incase_style_v3-1_ponyxl_ilff.safetensors'

reading lora /home/dev/work/media/stablediffusion/stable-diffusion-webui-ux-arch/models/Lora/incase_style_v3_ponyxl_ilff.safetensors: FileNotFoundError
Traceback (most recent call last):
  File "/home/dev/work/media/stablediffusion/stable-diffusion-webui-ux-arch/extensions-builtin/Lora/network.py", line 38, in __init__
    self.metadata = cache.cached_data_for_file('safetensors-metadata', "lora/" + self.name, filename, read_metadata)
  File "/home/dev/work/media/stablediffusion/stable-diffusion-webui-ux-arch/modules/cache.py", line 105, in cached_data_for_file
    ondisk_mtime = os.path.getmtime(filename)
  File "/home/dev/.local/share/uv/python/cpython-3.10.16-linux-x86_64-gnu/lib/python3.10/genericpath.py", line 55, in getmtime
    return os.stat(filename).st_mtime
FileNotFoundError: [Errno 2] No such file or directory: '/home/dev/work/media/stablediffusion/stable-diffusion-webui-ux-arch/models/Lora/incase_style_v3_ponyxl_ilff.safetensors'

reading lora /home/dev/work/media/stablediffusion/stable-diffusion-webui-ux-arch/models/Lora/INCKD.safetensors: FileNotFoundError
Traceback (most recent call last):
  File "/home/dev/work/media/stablediffusion/stable-diffusion-webui-ux-arch/extensions-builtin/Lora/network.py", line 38, in __init__
    self.metadata = cache.cached_data_for_file('safetensors-metadata', "lora/" + self.name, filename, read_metadata)
  File "/home/dev/work/media/stablediffusion/stable-diffusion-webui-ux-arch/modules/cache.py", line 105, in cached_data_for_file
    ondisk_mtime = os.path.getmtime(filename)
  File "/home/dev/.local/share/uv/python/cpython-3.10.16-linux-x86_64-gnu/lib/python3.10/genericpath.py", line 55, in getmtime
    return os.stat(filename).st_mtime
FileNotFoundError: [Errno 2] No such file or directory: '/home/dev/work/media/stablediffusion/stable-diffusion-webui-ux-arch/models/Lora/INCKD.safetensors'

reading lora /home/dev/work/media/stablediffusion/stable-diffusion-webui-ux-arch/models/Lora/JAB_Illustrious_V1.5.safetensors: FileNotFoundError
Traceback (most recent call last):
  File "/home/dev/work/media/stablediffusion/stable-diffusion-webui-ux-arch/extensions-builtin/Lora/network.py", line 38, in __init__
    self.metadata = cache.cached_data_for_file('safetensors-metadata', "lora/" + self.name, filename, read_metadata)
  File "/home/dev/work/media/stablediffusion/stable-diffusion-webui-ux-arch/modules/cache.py", line 105, in cached_data_for_file
    ondisk_mtime = os.path.getmtime(filename)
  File "/home/dev/.local/share/uv/python/cpython-3.10.16-linux-x86_64-gnu/lib/python3.10/genericpath.py", line 55, in getmtime
    return os.stat(filename).st_mtime
FileNotFoundError: [Errno 2] No such file or directory: '/home/dev/work/media/stablediffusion/stable-diffusion-webui-ux-arch/models/Lora/JAB_Illustrious_V1.5.safetensors'

reading lora /home/dev/work/media/stablediffusion/stable-diffusion-webui-ux-arch/models/Lora/Jabstyle_PNYV1.5.safetensors: FileNotFoundError
Traceback (most recent call last):
  File "/home/dev/work/media/stablediffusion/stable-diffusion-webui-ux-arch/extensions-builtin/Lora/network.py", line 38, in __init__
    self.metadata = cache.cached_data_for_file('safetensors-metadata', "lora/" + self.name, filename, read_metadata)
  File "/home/dev/work/media/stablediffusion/stable-diffusion-webui-ux-arch/modules/cache.py", line 105, in cached_data_for_file
    ondisk_mtime = os.path.getmtime(filename)
  File "/home/dev/.local/share/uv/python/cpython-3.10.16-linux-x86_64-gnu/lib/python3.10/genericpath.py", line 55, in getmtime
    return os.stat(filename).st_mtime
FileNotFoundError: [Errno 2] No such file or directory: '/home/dev/work/media/stablediffusion/stable-diffusion-webui-ux-arch/models/Lora/Jabstyle_PNYV1.5.safetensors'

reading lora /home/dev/work/media/stablediffusion/stable-diffusion-webui-ux-arch/models/Lora/Jelly-Realism3.safetensors: FileNotFoundError
Traceback (most recent call last):
  File "/home/dev/work/media/stablediffusion/stable-diffusion-webui-ux-arch/extensions-builtin/Lora/network.py", line 38, in __init__
    self.metadata = cache.cached_data_for_file('safetensors-metadata', "lora/" + self.name, filename, read_metadata)
  File "/home/dev/work/media/stablediffusion/stable-diffusion-webui-ux-arch/modules/cache.py", line 105, in cached_data_for_file
    ondisk_mtime = os.path.getmtime(filename)
  File "/home/dev/.local/share/uv/python/cpython-3.10.16-linux-x86_64-gnu/lib/python3.10/genericpath.py", line 55, in getmtime
    return os.stat(filename).st_mtime
FileNotFoundError: [Errno 2] No such file or directory: '/home/dev/work/media/stablediffusion/stable-diffusion-webui-ux-arch/models/Lora/Jelly-Realism3.safetensors'

reading lora /home/dev/work/media/stablediffusion/stable-diffusion-webui-ux-arch/models/Lora/JMoxComix_style-10.safetensors: FileNotFoundError
Traceback (most recent call last):
  File "/home/dev/work/media/stablediffusion/stable-diffusion-webui-ux-arch/extensions-builtin/Lora/network.py", line 38, in __init__
    self.metadata = cache.cached_data_for_file('safetensors-metadata', "lora/" + self.name, filename, read_metadata)
  File "/home/dev/work/media/stablediffusion/stable-diffusion-webui-ux-arch/modules/cache.py", line 105, in cached_data_for_file
    ondisk_mtime = os.path.getmtime(filename)
  File "/home/dev/.local/share/uv/python/cpython-3.10.16-linux-x86_64-gnu/lib/python3.10/genericpath.py", line 55, in getmtime
    return os.stat(filename).st_mtime
FileNotFoundError: [Errno 2] No such file or directory: '/home/dev/work/media/stablediffusion/stable-diffusion-webui-ux-arch/models/Lora/JMoxComix_style-10.safetensors'

reading lora /home/dev/work/media/stablediffusion/stable-diffusion-webui-ux-arch/models/Lora/JMoxComix_style-12.safetensors: FileNotFoundError
Traceback (most recent call last):
  File "/home/dev/work/media/stablediffusion/stable-diffusion-webui-ux-arch/extensions-builtin/Lora/network.py", line 38, in __init__
    self.metadata = cache.cached_data_for_file('safetensors-metadata', "lora/" + self.name, filename, read_metadata)
  File "/home/dev/work/media/stablediffusion/stable-diffusion-webui-ux-arch/modules/cache.py", line 105, in cached_data_for_file
    ondisk_mtime = os.path.getmtime(filename)
  File "/home/dev/.local/share/uv/python/cpython-3.10.16-linux-x86_64-gnu/lib/python3.10/genericpath.py", line 55, in getmtime
    return os.stat(filename).st_mtime
FileNotFoundError: [Errno 2] No such file or directory: '/home/dev/work/media/stablediffusion/stable-diffusion-webui-ux-arch/models/Lora/JMoxComix_style-12.safetensors'

reading lora /home/dev/work/media/stablediffusion/stable-diffusion-webui-ux-arch/models/Lora/ka_marukogedago.safetensors: FileNotFoundError
Traceback (most recent call last):
  File "/home/dev/work/media/stablediffusion/stable-diffusion-webui-ux-arch/extensions-builtin/Lora/network.py", line 38, in __init__
    self.metadata = cache.cached_data_for_file('safetensors-metadata', "lora/" + self.name, filename, read_metadata)
  File "/home/dev/work/media/stablediffusion/stable-diffusion-webui-ux-arch/modules/cache.py", line 105, in cached_data_for_file
    ondisk_mtime = os.path.getmtime(filename)
  File "/home/dev/.local/share/uv/python/cpython-3.10.16-linux-x86_64-gnu/lib/python3.10/genericpath.py", line 55, in getmtime
    return os.stat(filename).st_mtime
FileNotFoundError: [Errno 2] No such file or directory: '/home/dev/work/media/stablediffusion/stable-diffusion-webui-ux-arch/models/Lora/ka_marukogedago.safetensors'

reading lora /home/dev/work/media/stablediffusion/stable-diffusion-webui-ux-arch/models/Lora/kim-10.safetensors: FileNotFoundError
Traceback (most recent call last):
  File "/home/dev/work/media/stablediffusion/stable-diffusion-webui-ux-arch/extensions-builtin/Lora/network.py", line 38, in __init__
    self.metadata = cache.cached_data_for_file('safetensors-metadata', "lora/" + self.name, filename, read_metadata)
  File "/home/dev/work/media/stablediffusion/stable-diffusion-webui-ux-arch/modules/cache.py", line 105, in cached_data_for_file
    ondisk_mtime = os.path.getmtime(filename)
  File "/home/dev/.local/share/uv/python/cpython-3.10.16-linux-x86_64-gnu/lib/python3.10/genericpath.py", line 55, in getmtime
    return os.stat(filename).st_mtime
FileNotFoundError: [Errno 2] No such file or directory: '/home/dev/work/media/stablediffusion/stable-diffusion-webui-ux-arch/models/Lora/kim-10.safetensors'

reading lora /home/dev/work/media/stablediffusion/stable-diffusion-webui-ux-arch/models/Lora/Kim_Possible.safetensors: FileNotFoundError
Traceback (most recent call last):
  File "/home/dev/work/media/stablediffusion/stable-diffusion-webui-ux-arch/extensions-builtin/Lora/network.py", line 38, in __init__
    self.metadata = cache.cached_data_for_file('safetensors-metadata', "lora/" + self.name, filename, read_metadata)
  File "/home/dev/work/media/stablediffusion/stable-diffusion-webui-ux-arch/modules/cache.py", line 105, in cached_data_for_file
    ondisk_mtime = os.path.getmtime(filename)
  File "/home/dev/.local/share/uv/python/cpython-3.10.16-linux-x86_64-gnu/lib/python3.10/genericpath.py", line 55, in getmtime
    return os.stat(filename).st_mtime
FileNotFoundError: [Errno 2] No such file or directory: '/home/dev/work/media/stablediffusion/stable-diffusion-webui-ux-arch/models/Lora/Kim_Possible.safetensors'

reading lora /home/dev/work/media/stablediffusion/stable-diffusion-webui-ux-arch/models/Lora/Kim_Possible_IL2.safetensors: FileNotFoundError
Traceback (most recent call last):
  File "/home/dev/work/media/stablediffusion/stable-diffusion-webui-ux-arch/extensions-builtin/Lora/network.py", line 38, in __init__
    self.metadata = cache.cached_data_for_file('safetensors-metadata', "lora/" + self.name, filename, read_metadata)
  File "/home/dev/work/media/stablediffusion/stable-diffusion-webui-ux-arch/modules/cache.py", line 105, in cached_data_for_file
    ondisk_mtime = os.path.getmtime(filename)
  File "/home/dev/.local/share/uv/python/cpython-3.10.16-linux-x86_64-gnu/lib/python3.10/genericpath.py", line 55, in getmtime
    return os.stat(filename).st_mtime
FileNotFoundError: [Errno 2] No such file or directory: '/home/dev/work/media/stablediffusion/stable-diffusion-webui-ux-arch/models/Lora/Kim_Possible_IL2.safetensors'

reading lora /home/dev/work/media/stablediffusion/stable-diffusion-webui-ux-arch/models/Lora/Kristal_Homemade_Concept-Photo_2.safetensors: FileNotFoundError
Traceback (most recent call last):
  File "/home/dev/work/media/stablediffusion/stable-diffusion-webui-ux-arch/extensions-builtin/Lora/network.py", line 38, in __init__
    self.metadata = cache.cached_data_for_file('safetensors-metadata', "lora/" + self.name, filename, read_metadata)
  File "/home/dev/work/media/stablediffusion/stable-diffusion-webui-ux-arch/modules/cache.py", line 105, in cached_data_for_file
    ondisk_mtime = os.path.getmtime(filename)
  File "/home/dev/.local/share/uv/python/cpython-3.10.16-linux-x86_64-gnu/lib/python3.10/genericpath.py", line 55, in getmtime
    return os.stat(filename).st_mtime
FileNotFoundError: [Errno 2] No such file or directory: '/home/dev/work/media/stablediffusion/stable-diffusion-webui-ux-arch/models/Lora/Kristal_Homemade_Concept-Photo_2.safetensors'

reading lora /home/dev/work/media/stablediffusion/stable-diffusion-webui-ux-arch/models/Lora/Kristal_NSFW_Homemade_Concept.safetensors: FileNotFoundError
Traceback (most recent call last):
  File "/home/dev/work/media/stablediffusion/stable-diffusion-webui-ux-arch/extensions-builtin/Lora/network.py", line 38, in __init__
    self.metadata = cache.cached_data_for_file('safetensors-metadata', "lora/" + self.name, filename, read_metadata)
  File "/home/dev/work/media/stablediffusion/stable-diffusion-webui-ux-arch/modules/cache.py", line 105, in cached_data_for_file
    ondisk_mtime = os.path.getmtime(filename)
  File "/home/dev/.local/share/uv/python/cpython-3.10.16-linux-x86_64-gnu/lib/python3.10/genericpath.py", line 55, in getmtime
    return os.stat(filename).st_mtime
FileNotFoundError: [Errno 2] No such file or directory: '/home/dev/work/media/stablediffusion/stable-diffusion-webui-ux-arch/models/Lora/Kristal_NSFW_Homemade_Concept.safetensors'

reading lora /home/dev/work/media/stablediffusion/stable-diffusion-webui-ux-arch/models/Lora/Kristal_NSFW_Homemade_Concept_-_Photo_3_r1.safetensors: FileNotFoundError
Traceback (most recent call last):
  File "/home/dev/work/media/stablediffusion/stable-diffusion-webui-ux-arch/extensions-builtin/Lora/network.py", line 38, in __init__
    self.metadata = cache.cached_data_for_file('safetensors-metadata', "lora/" + self.name, filename, read_metadata)
  File "/home/dev/work/media/stablediffusion/stable-diffusion-webui-ux-arch/modules/cache.py", line 105, in cached_data_for_file
    ondisk_mtime = os.path.getmtime(filename)
  File "/home/dev/.local/share/uv/python/cpython-3.10.16-linux-x86_64-gnu/lib/python3.10/genericpath.py", line 55, in getmtime
    return os.stat(filename).st_mtime
FileNotFoundError: [Errno 2] No such file or directory: '/home/dev/work/media/stablediffusion/stable-diffusion-webui-ux-arch/models/Lora/Kristal_NSFW_Homemade_Concept_-_Photo_3_r1.safetensors'

reading lora /home/dev/work/media/stablediffusion/stable-diffusion-webui-ux-arch/models/Lora/Kristal_NSFW_Homemade_Concept_-_Photo_4_r1.safetensors: FileNotFoundError
Traceback (most recent call last):
  File "/home/dev/work/media/stablediffusion/stable-diffusion-webui-ux-arch/extensions-builtin/Lora/network.py", line 38, in __init__
    self.metadata = cache.cached_data_for_file('safetensors-metadata', "lora/" + self.name, filename, read_metadata)
  File "/home/dev/work/media/stablediffusion/stable-diffusion-webui-ux-arch/modules/cache.py", line 105, in cached_data_for_file
    ondisk_mtime = os.path.getmtime(filename)
  File "/home/dev/.local/share/uv/python/cpython-3.10.16-linux-x86_64-gnu/lib/python3.10/genericpath.py", line 55, in getmtime
    return os.stat(filename).st_mtime
FileNotFoundError: [Errno 2] No such file or directory: '/home/dev/work/media/stablediffusion/stable-diffusion-webui-ux-arch/models/Lora/Kristal_NSFW_Homemade_Concept_-_Photo_4_r1.safetensors'

reading lora /home/dev/work/media/stablediffusion/stable-diffusion-webui-ux-arch/models/Lora/Kristal_NSFW_Homemade_Concept_-_Photo_5.safetensors: FileNotFoundError
Traceback (most recent call last):
  File "/home/dev/work/media/stablediffusion/stable-diffusion-webui-ux-arch/extensions-builtin/Lora/network.py", line 38, in __init__
    self.metadata = cache.cached_data_for_file('safetensors-metadata', "lora/" + self.name, filename, read_metadata)
  File "/home/dev/work/media/stablediffusion/stable-diffusion-webui-ux-arch/modules/cache.py", line 105, in cached_data_for_file
    ondisk_mtime = os.path.getmtime(filename)
  File "/home/dev/.local/share/uv/python/cpython-3.10.16-linux-x86_64-gnu/lib/python3.10/genericpath.py", line 55, in getmtime
    return os.stat(filename).st_mtime
FileNotFoundError: [Errno 2] No such file or directory: '/home/dev/work/media/stablediffusion/stable-diffusion-webui-ux-arch/models/Lora/Kristal_NSFW_Homemade_Concept_-_Photo_5.safetensors'

reading lora /home/dev/work/media/stablediffusion/stable-diffusion-webui-ux-arch/models/Lora/Kristal_NSFW_Homemade_Concept_-_Photo_6.safetensors: FileNotFoundError
Traceback (most recent call last):
  File "/home/dev/work/media/stablediffusion/stable-diffusion-webui-ux-arch/extensions-builtin/Lora/network.py", line 38, in __init__
    self.metadata = cache.cached_data_for_file('safetensors-metadata', "lora/" + self.name, filename, read_metadata)
  File "/home/dev/work/media/stablediffusion/stable-diffusion-webui-ux-arch/modules/cache.py", line 105, in cached_data_for_file
    ondisk_mtime = os.path.getmtime(filename)
  File "/home/dev/.local/share/uv/python/cpython-3.10.16-linux-x86_64-gnu/lib/python3.10/genericpath.py", line 55, in getmtime
    return os.stat(filename).st_mtime
FileNotFoundError: [Errno 2] No such file or directory: '/home/dev/work/media/stablediffusion/stable-diffusion-webui-ux-arch/models/Lora/Kristal_NSFW_Homemade_Concept_-_Photo_6.safetensors'

reading lora /home/dev/work/media/stablediffusion/stable-diffusion-webui-ux-arch/models/Lora/Kristal_NSFW_Homemade_Concept_-_Photo_7.safetensors: FileNotFoundError
Traceback (most recent call last):
  File "/home/dev/work/media/stablediffusion/stable-diffusion-webui-ux-arch/extensions-builtin/Lora/network.py", line 38, in __init__
    self.metadata = cache.cached_data_for_file('safetensors-metadata', "lora/" + self.name, filename, read_metadata)
  File "/home/dev/work/media/stablediffusion/stable-diffusion-webui-ux-arch/modules/cache.py", line 105, in cached_data_for_file
    ondisk_mtime = os.path.getmtime(filename)
  File "/home/dev/.local/share/uv/python/cpython-3.10.16-linux-x86_64-gnu/lib/python3.10/genericpath.py", line 55, in getmtime
    return os.stat(filename).st_mtime
FileNotFoundError: [Errno 2] No such file or directory: '/home/dev/work/media/stablediffusion/stable-diffusion-webui-ux-arch/models/Lora/Kristal_NSFW_Homemade_Concept_-_Photo_7.safetensors'

reading lora /home/dev/work/media/stablediffusion/stable-diffusion-webui-ux-arch/models/Lora/Kristal_NSFW_Homemade_Concept_-_Photo_9.safetensors: FileNotFoundError
Traceback (most recent call last):
  File "/home/dev/work/media/stablediffusion/stable-diffusion-webui-ux-arch/extensions-builtin/Lora/network.py", line 38, in __init__
    self.metadata = cache.cached_data_for_file('safetensors-metadata', "lora/" + self.name, filename, read_metadata)
  File "/home/dev/work/media/stablediffusion/stable-diffusion-webui-ux-arch/modules/cache.py", line 105, in cached_data_for_file
    ondisk_mtime = os.path.getmtime(filename)
  File "/home/dev/.local/share/uv/python/cpython-3.10.16-linux-x86_64-gnu/lib/python3.10/genericpath.py", line 55, in getmtime
    return os.stat(filename).st_mtime
FileNotFoundError: [Errno 2] No such file or directory: '/home/dev/work/media/stablediffusion/stable-diffusion-webui-ux-arch/models/Lora/Kristal_NSFW_Homemade_Concept_-_Photo_9.safetensors'

reading lora /home/dev/work/media/stablediffusion/stable-diffusion-webui-ux-arch/models/Lora/lbc_pony_wedding dress_126-000006.safetensors: FileNotFoundError
Traceback (most recent call last):
  File "/home/dev/work/media/stablediffusion/stable-diffusion-webui-ux-arch/extensions-builtin/Lora/network.py", line 38, in __init__
    self.metadata = cache.cached_data_for_file('safetensors-metadata', "lora/" + self.name, filename, read_metadata)
  File "/home/dev/work/media/stablediffusion/stable-diffusion-webui-ux-arch/modules/cache.py", line 105, in cached_data_for_file
    ondisk_mtime = os.path.getmtime(filename)
  File "/home/dev/.local/share/uv/python/cpython-3.10.16-linux-x86_64-gnu/lib/python3.10/genericpath.py", line 55, in getmtime
    return os.stat(filename).st_mtime
FileNotFoundError: [Errno 2] No such file or directory: '/home/dev/work/media/stablediffusion/stable-diffusion-webui-ux-arch/models/Lora/lbc_pony_wedding dress_126-000006.safetensors'

reading lora /home/dev/work/media/stablediffusion/stable-diffusion-webui-ux-arch/models/Lora/LCM_LoRA_Weights_SDXL.safetensors: FileNotFoundError
Traceback (most recent call last):
  File "/home/dev/work/media/stablediffusion/stable-diffusion-webui-ux-arch/extensions-builtin/Lora/network.py", line 38, in __init__
    self.metadata = cache.cached_data_for_file('safetensors-metadata', "lora/" + self.name, filename, read_metadata)
  File "/home/dev/work/media/stablediffusion/stable-diffusion-webui-ux-arch/modules/cache.py", line 105, in cached_data_for_file
    ondisk_mtime = os.path.getmtime(filename)
  File "/home/dev/.local/share/uv/python/cpython-3.10.16-linux-x86_64-gnu/lib/python3.10/genericpath.py", line 55, in getmtime
    return os.stat(filename).st_mtime
FileNotFoundError: [Errno 2] No such file or directory: '/home/dev/work/media/stablediffusion/stable-diffusion-webui-ux-arch/models/Lora/LCM_LoRA_Weights_SDXL.safetensors'

reading lora /home/dev/work/media/stablediffusion/stable-diffusion-webui-ux-arch/models/Lora/leaked_nudes_style_v1_fixed.safetensors: FileNotFoundError
Traceback (most recent call last):
  File "/home/dev/work/media/stablediffusion/stable-diffusion-webui-ux-arch/extensions-builtin/Lora/network.py", line 38, in __init__
    self.metadata = cache.cached_data_for_file('safetensors-metadata', "lora/" + self.name, filename, read_metadata)
  File "/home/dev/work/media/stablediffusion/stable-diffusion-webui-ux-arch/modules/cache.py", line 105, in cached_data_for_file
    ondisk_mtime = os.path.getmtime(filename)
  File "/home/dev/.local/share/uv/python/cpython-3.10.16-linux-x86_64-gnu/lib/python3.10/genericpath.py", line 55, in getmtime
    return os.stat(filename).st_mtime
FileNotFoundError: [Errno 2] No such file or directory: '/home/dev/work/media/stablediffusion/stable-diffusion-webui-ux-arch/models/Lora/leaked_nudes_style_v1_fixed.safetensors'

reading lora /home/dev/work/media/stablediffusion/stable-diffusion-webui-ux-arch/models/Lora/Leaned Back Reverse Cowgirl pony-v2.2.safetensors: FileNotFoundError
Traceback (most recent call last):
  File "/home/dev/work/media/stablediffusion/stable-diffusion-webui-ux-arch/extensions-builtin/Lora/network.py", line 38, in __init__
    self.metadata = cache.cached_data_for_file('safetensors-metadata', "lora/" + self.name, filename, read_metadata)
  File "/home/dev/work/media/stablediffusion/stable-diffusion-webui-ux-arch/modules/cache.py", line 105, in cached_data_for_file
    ondisk_mtime = os.path.getmtime(filename)
  File "/home/dev/.local/share/uv/python/cpython-3.10.16-linux-x86_64-gnu/lib/python3.10/genericpath.py", line 55, in getmtime
    return os.stat(filename).st_mtime
FileNotFoundError: [Errno 2] No such file or directory: '/home/dev/work/media/stablediffusion/stable-diffusion-webui-ux-arch/models/Lora/Leaned Back Reverse Cowgirl pony-v2.2.safetensors'

reading lora /home/dev/work/media/stablediffusion/stable-diffusion-webui-ux-arch/models/Lora/LilAndystyle.safetensors: FileNotFoundError
Traceback (most recent call last):
  File "/home/dev/work/media/stablediffusion/stable-diffusion-webui-ux-arch/extensions-builtin/Lora/network.py", line 38, in __init__
    self.metadata = cache.cached_data_for_file('safetensors-metadata', "lora/" + self.name, filename, read_metadata)
  File "/home/dev/work/media/stablediffusion/stable-diffusion-webui-ux-arch/modules/cache.py", line 105, in cached_data_for_file
    ondisk_mtime = os.path.getmtime(filename)
  File "/home/dev/.local/share/uv/python/cpython-3.10.16-linux-x86_64-gnu/lib/python3.10/genericpath.py", line 55, in getmtime
    return os.stat(filename).st_mtime
FileNotFoundError: [Errno 2] No such file or directory: '/home/dev/work/media/stablediffusion/stable-diffusion-webui-ux-arch/models/Lora/LilAndystyle.safetensors'

reading lora /home/dev/work/media/stablediffusion/stable-diffusion-webui-ux-arch/models/Lora/Loincloth_Aside_XL.safetensors: FileNotFoundError
Traceback (most recent call last):
  File "/home/dev/work/media/stablediffusion/stable-diffusion-webui-ux-arch/extensions-builtin/Lora/network.py", line 38, in __init__
    self.metadata = cache.cached_data_for_file('safetensors-metadata', "lora/" + self.name, filename, read_metadata)
  File "/home/dev/work/media/stablediffusion/stable-diffusion-webui-ux-arch/modules/cache.py", line 105, in cached_data_for_file
    ondisk_mtime = os.path.getmtime(filename)
  File "/home/dev/.local/share/uv/python/cpython-3.10.16-linux-x86_64-gnu/lib/python3.10/genericpath.py", line 55, in getmtime
    return os.stat(filename).st_mtime
FileNotFoundError: [Errno 2] No such file or directory: '/home/dev/work/media/stablediffusion/stable-diffusion-webui-ux-arch/models/Lora/Loincloth_Aside_XL.safetensors'

reading lora /home/dev/work/media/stablediffusion/stable-diffusion-webui-ux-arch/models/Lora/Lunas-Zuharu-SDXL-A1.safetensors: FileNotFoundError
Traceback (most recent call last):
  File "/home/dev/work/media/stablediffusion/stable-diffusion-webui-ux-arch/extensions-builtin/Lora/network.py", line 38, in __init__
    self.metadata = cache.cached_data_for_file('safetensors-metadata', "lora/" + self.name, filename, read_metadata)
  File "/home/dev/work/media/stablediffusion/stable-diffusion-webui-ux-arch/modules/cache.py", line 105, in cached_data_for_file
    ondisk_mtime = os.path.getmtime(filename)
  File "/home/dev/.local/share/uv/python/cpython-3.10.16-linux-x86_64-gnu/lib/python3.10/genericpath.py", line 55, in getmtime
    return os.stat(filename).st_mtime
FileNotFoundError: [Errno 2] No such file or directory: '/home/dev/work/media/stablediffusion/stable-diffusion-webui-ux-arch/models/Lora/Lunas-Zuharu-SDXL-A1.safetensors'

reading lora /home/dev/work/media/stablediffusion/stable-diffusion-webui-ux-arch/models/Lora/Maia_illustrious.safetensors: FileNotFoundError
Traceback (most recent call last):
  File "/home/dev/work/media/stablediffusion/stable-diffusion-webui-ux-arch/extensions-builtin/Lora/network.py", line 38, in __init__
    self.metadata = cache.cached_data_for_file('safetensors-metadata', "lora/" + self.name, filename, read_metadata)
  File "/home/dev/work/media/stablediffusion/stable-diffusion-webui-ux-arch/modules/cache.py", line 105, in cached_data_for_file
    ondisk_mtime = os.path.getmtime(filename)
  File "/home/dev/.local/share/uv/python/cpython-3.10.16-linux-x86_64-gnu/lib/python3.10/genericpath.py", line 55, in getmtime
    return os.stat(filename).st_mtime
FileNotFoundError: [Errno 2] No such file or directory: '/home/dev/work/media/stablediffusion/stable-diffusion-webui-ux-arch/models/Lora/Maia_illustrious.safetensors'

reading lora /home/dev/work/media/stablediffusion/stable-diffusion-webui-ux-arch/models/Lora/mamba_style.safetensors: FileNotFoundError
Traceback (most recent call last):
  File "/home/dev/work/media/stablediffusion/stable-diffusion-webui-ux-arch/extensions-builtin/Lora/network.py", line 38, in __init__
    self.metadata = cache.cached_data_for_file('safetensors-metadata', "lora/" + self.name, filename, read_metadata)
  File "/home/dev/work/media/stablediffusion/stable-diffusion-webui-ux-arch/modules/cache.py", line 105, in cached_data_for_file
    ondisk_mtime = os.path.getmtime(filename)
  File "/home/dev/.local/share/uv/python/cpython-3.10.16-linux-x86_64-gnu/lib/python3.10/genericpath.py", line 55, in getmtime
    return os.stat(filename).st_mtime
FileNotFoundError: [Errno 2] No such file or directory: '/home/dev/work/media/stablediffusion/stable-diffusion-webui-ux-arch/models/Lora/mamba_style.safetensors'

reading lora /home/dev/work/media/stablediffusion/stable-diffusion-webui-ux-arch/models/Lora/Melkor_V4_Illustrious_20.safetensors: FileNotFoundError
Traceback (most recent call last):
  File "/home/dev/work/media/stablediffusion/stable-diffusion-webui-ux-arch/extensions-builtin/Lora/network.py", line 38, in __init__
    self.metadata = cache.cached_data_for_file('safetensors-metadata', "lora/" + self.name, filename, read_metadata)
  File "/home/dev/work/media/stablediffusion/stable-diffusion-webui-ux-arch/modules/cache.py", line 105, in cached_data_for_file
    ondisk_mtime = os.path.getmtime(filename)
  File "/home/dev/.local/share/uv/python/cpython-3.10.16-linux-x86_64-gnu/lib/python3.10/genericpath.py", line 55, in getmtime
    return os.stat(filename).st_mtime
FileNotFoundError: [Errno 2] No such file or directory: '/home/dev/work/media/stablediffusion/stable-diffusion-webui-ux-arch/models/Lora/Melkor_V4_Illustrious_20.safetensors'

reading lora /home/dev/work/media/stablediffusion/stable-diffusion-webui-ux-arch/models/Lora/Melkor_V4_Pony_20.safetensors: FileNotFoundError
Traceback (most recent call last):
  File "/home/dev/work/media/stablediffusion/stable-diffusion-webui-ux-arch/extensions-builtin/Lora/network.py", line 38, in __init__
    self.metadata = cache.cached_data_for_file('safetensors-metadata', "lora/" + self.name, filename, read_metadata)
  File "/home/dev/work/media/stablediffusion/stable-diffusion-webui-ux-arch/modules/cache.py", line 105, in cached_data_for_file
    ondisk_mtime = os.path.getmtime(filename)
  File "/home/dev/.local/share/uv/python/cpython-3.10.16-linux-x86_64-gnu/lib/python3.10/genericpath.py", line 55, in getmtime
    return os.stat(filename).st_mtime
FileNotFoundError: [Errno 2] No such file or directory: '/home/dev/work/media/stablediffusion/stable-diffusion-webui-ux-arch/models/Lora/Melkor_V4_Pony_20.safetensors'

reading lora /home/dev/work/media/stablediffusion/stable-diffusion-webui-ux-arch/models/Lora/Midwest_Farm_Girl.safetensors: FileNotFoundError
Traceback (most recent call last):
  File "/home/dev/work/media/stablediffusion/stable-diffusion-webui-ux-arch/extensions-builtin/Lora/network.py", line 38, in __init__
    self.metadata = cache.cached_data_for_file('safetensors-metadata', "lora/" + self.name, filename, read_metadata)
  File "/home/dev/work/media/stablediffusion/stable-diffusion-webui-ux-arch/modules/cache.py", line 105, in cached_data_for_file
    ondisk_mtime = os.path.getmtime(filename)
  File "/home/dev/.local/share/uv/python/cpython-3.10.16-linux-x86_64-gnu/lib/python3.10/genericpath.py", line 55, in getmtime
    return os.stat(filename).st_mtime
FileNotFoundError: [Errno 2] No such file or directory: '/home/dev/work/media/stablediffusion/stable-diffusion-webui-ux-arch/models/Lora/Midwest_Farm_Girl.safetensors'

reading lora /home/dev/work/media/stablediffusion/stable-diffusion-webui-ux-arch/models/Lora/milfPeaches_Remastered.safetensors: FileNotFoundError
Traceback (most recent call last):
  File "/home/dev/work/media/stablediffusion/stable-diffusion-webui-ux-arch/extensions-builtin/Lora/network.py", line 38, in __init__
    self.metadata = cache.cached_data_for_file('safetensors-metadata', "lora/" + self.name, filename, read_metadata)
  File "/home/dev/work/media/stablediffusion/stable-diffusion-webui-ux-arch/modules/cache.py", line 105, in cached_data_for_file
    ondisk_mtime = os.path.getmtime(filename)
  File "/home/dev/.local/share/uv/python/cpython-3.10.16-linux-x86_64-gnu/lib/python3.10/genericpath.py", line 55, in getmtime
    return os.stat(filename).st_mtime
FileNotFoundError: [Errno 2] No such file or directory: '/home/dev/work/media/stablediffusion/stable-diffusion-webui-ux-arch/models/Lora/milfPeaches_Remastered.safetensors'

reading lora /home/dev/work/media/stablediffusion/stable-diffusion-webui-ux-arch/models/Lora/MJ52.safetensors: FileNotFoundError
Traceback (most recent call last):
  File "/home/dev/work/media/stablediffusion/stable-diffusion-webui-ux-arch/extensions-builtin/Lora/network.py", line 38, in __init__
    self.metadata = cache.cached_data_for_file('safetensors-metadata', "lora/" + self.name, filename, read_metadata)
  File "/home/dev/work/media/stablediffusion/stable-diffusion-webui-ux-arch/modules/cache.py", line 105, in cached_data_for_file
    ondisk_mtime = os.path.getmtime(filename)
  File "/home/dev/.local/share/uv/python/cpython-3.10.16-linux-x86_64-gnu/lib/python3.10/genericpath.py", line 55, in getmtime
    return os.stat(filename).st_mtime
FileNotFoundError: [Errno 2] No such file or directory: '/home/dev/work/media/stablediffusion/stable-diffusion-webui-ux-arch/models/Lora/MJ52.safetensors'

reading lora /home/dev/work/media/stablediffusion/stable-diffusion-webui-ux-arch/models/Lora/Modern_anime_render.safetensors: FileNotFoundError
Traceback (most recent call last):
  File "/home/dev/work/media/stablediffusion/stable-diffusion-webui-ux-arch/extensions-builtin/Lora/network.py", line 38, in __init__
    self.metadata = cache.cached_data_for_file('safetensors-metadata', "lora/" + self.name, filename, read_metadata)
  File "/home/dev/work/media/stablediffusion/stable-diffusion-webui-ux-arch/modules/cache.py", line 105, in cached_data_for_file
    ondisk_mtime = os.path.getmtime(filename)
  File "/home/dev/.local/share/uv/python/cpython-3.10.16-linux-x86_64-gnu/lib/python3.10/genericpath.py", line 55, in getmtime
    return os.stat(filename).st_mtime
FileNotFoundError: [Errno 2] No such file or directory: '/home/dev/work/media/stablediffusion/stable-diffusion-webui-ux-arch/models/Lora/Modern_anime_render.safetensors'

reading lora /home/dev/work/media/stablediffusion/stable-diffusion-webui-ux-arch/models/Lora/MoXinV1.safetensors: FileNotFoundError
Traceback (most recent call last):
  File "/home/dev/work/media/stablediffusion/stable-diffusion-webui-ux-arch/extensions-builtin/Lora/network.py", line 38, in __init__
    self.metadata = cache.cached_data_for_file('safetensors-metadata', "lora/" + self.name, filename, read_metadata)
  File "/home/dev/work/media/stablediffusion/stable-diffusion-webui-ux-arch/modules/cache.py", line 105, in cached_data_for_file
    ondisk_mtime = os.path.getmtime(filename)
  File "/home/dev/.local/share/uv/python/cpython-3.10.16-linux-x86_64-gnu/lib/python3.10/genericpath.py", line 55, in getmtime
    return os.stat(filename).st_mtime
FileNotFoundError: [Errno 2] No such file or directory: '/home/dev/work/media/stablediffusion/stable-diffusion-webui-ux-arch/models/Lora/MoXinV1.safetensors'

reading lora /home/dev/work/media/stablediffusion/stable-diffusion-webui-ux-arch/models/Lora/MythAnim3Style.safetensors: FileNotFoundError
Traceback (most recent call last):
  File "/home/dev/work/media/stablediffusion/stable-diffusion-webui-ux-arch/extensions-builtin/Lora/network.py", line 38, in __init__
    self.metadata = cache.cached_data_for_file('safetensors-metadata', "lora/" + self.name, filename, read_metadata)
  File "/home/dev/work/media/stablediffusion/stable-diffusion-webui-ux-arch/modules/cache.py", line 105, in cached_data_for_file
    ondisk_mtime = os.path.getmtime(filename)
  File "/home/dev/.local/share/uv/python/cpython-3.10.16-linux-x86_64-gnu/lib/python3.10/genericpath.py", line 55, in getmtime
    return os.stat(filename).st_mtime
FileNotFoundError: [Errno 2] No such file or directory: '/home/dev/work/media/stablediffusion/stable-diffusion-webui-ux-arch/models/Lora/MythAnim3Style.safetensors'

reading lora /home/dev/work/media/stablediffusion/stable-diffusion-webui-ux-arch/models/Lora/Niji-Mj_Almost_Realism.safetensors: FileNotFoundError
Traceback (most recent call last):
  File "/home/dev/work/media/stablediffusion/stable-diffusion-webui-ux-arch/extensions-builtin/Lora/network.py", line 38, in __init__
    self.metadata = cache.cached_data_for_file('safetensors-metadata', "lora/" + self.name, filename, read_metadata)
  File "/home/dev/work/media/stablediffusion/stable-diffusion-webui-ux-arch/modules/cache.py", line 105, in cached_data_for_file
    ondisk_mtime = os.path.getmtime(filename)
  File "/home/dev/.local/share/uv/python/cpython-3.10.16-linux-x86_64-gnu/lib/python3.10/genericpath.py", line 55, in getmtime
    return os.stat(filename).st_mtime
FileNotFoundError: [Errno 2] No such file or directory: '/home/dev/work/media/stablediffusion/stable-diffusion-webui-ux-arch/models/Lora/Niji-Mj_Almost_Realism.safetensors'

reading lora /home/dev/work/media/stablediffusion/stable-diffusion-webui-ux-arch/models/Lora/niji_and_midj_mix217.safetensors: FileNotFoundError
Traceback (most recent call last):
  File "/home/dev/work/media/stablediffusion/stable-diffusion-webui-ux-arch/extensions-builtin/Lora/network.py", line 38, in __init__
    self.metadata = cache.cached_data_for_file('safetensors-metadata', "lora/" + self.name, filename, read_metadata)
  File "/home/dev/work/media/stablediffusion/stable-diffusion-webui-ux-arch/modules/cache.py", line 105, in cached_data_for_file
    ondisk_mtime = os.path.getmtime(filename)
  File "/home/dev/.local/share/uv/python/cpython-3.10.16-linux-x86_64-gnu/lib/python3.10/genericpath.py", line 55, in getmtime
    return os.stat(filename).st_mtime
FileNotFoundError: [Errno 2] No such file or directory: '/home/dev/work/media/stablediffusion/stable-diffusion-webui-ux-arch/models/Lora/niji_and_midj_mix217.safetensors'

reading lora /home/dev/work/media/stablediffusion/stable-diffusion-webui-ux-arch/models/Lora/Niji_oil_animme.safetensors: FileNotFoundError
Traceback (most recent call last):
  File "/home/dev/work/media/stablediffusion/stable-diffusion-webui-ux-arch/extensions-builtin/Lora/network.py", line 38, in __init__
    self.metadata = cache.cached_data_for_file('safetensors-metadata', "lora/" + self.name, filename, read_metadata)
  File "/home/dev/work/media/stablediffusion/stable-diffusion-webui-ux-arch/modules/cache.py", line 105, in cached_data_for_file
    ondisk_mtime = os.path.getmtime(filename)
  File "/home/dev/.local/share/uv/python/cpython-3.10.16-linux-x86_64-gnu/lib/python3.10/genericpath.py", line 55, in getmtime
    return os.stat(filename).st_mtime
FileNotFoundError: [Errno 2] No such file or directory: '/home/dev/work/media/stablediffusion/stable-diffusion-webui-ux-arch/models/Lora/Niji_oil_animme.safetensors'

reading lora /home/dev/work/media/stablediffusion/stable-diffusion-webui-ux-arch/models/Lora/Nipple_Play_Def_Illu_Dwnsty.safetensors: FileNotFoundError
Traceback (most recent call last):
  File "/home/dev/work/media/stablediffusion/stable-diffusion-webui-ux-arch/extensions-builtin/Lora/network.py", line 38, in __init__
    self.metadata = cache.cached_data_for_file('safetensors-metadata', "lora/" + self.name, filename, read_metadata)
  File "/home/dev/work/media/stablediffusion/stable-diffusion-webui-ux-arch/modules/cache.py", line 105, in cached_data_for_file
    ondisk_mtime = os.path.getmtime(filename)
  File "/home/dev/.local/share/uv/python/cpython-3.10.16-linux-x86_64-gnu/lib/python3.10/genericpath.py", line 55, in getmtime
    return os.stat(filename).st_mtime
FileNotFoundError: [Errno 2] No such file or directory: '/home/dev/work/media/stablediffusion/stable-diffusion-webui-ux-arch/models/Lora/Nipple_Play_Def_Illu_Dwnsty.safetensors'

reading lora /home/dev/work/media/stablediffusion/stable-diffusion-webui-ux-arch/models/Lora/NOOB_vp1_detailer_by_volnovik_v1.safetensors: FileNotFoundError
Traceback (most recent call last):
  File "/home/dev/work/media/stablediffusion/stable-diffusion-webui-ux-arch/extensions-builtin/Lora/network.py", line 38, in __init__
    self.metadata = cache.cached_data_for_file('safetensors-metadata', "lora/" + self.name, filename, read_metadata)
  File "/home/dev/work/media/stablediffusion/stable-diffusion-webui-ux-arch/modules/cache.py", line 105, in cached_data_for_file
    ondisk_mtime = os.path.getmtime(filename)
  File "/home/dev/.local/share/uv/python/cpython-3.10.16-linux-x86_64-gnu/lib/python3.10/genericpath.py", line 55, in getmtime
    return os.stat(filename).st_mtime
FileNotFoundError: [Errno 2] No such file or directory: '/home/dev/work/media/stablediffusion/stable-diffusion-webui-ux-arch/models/Lora/NOOB_vp1_detailer_by_volnovik_v1.safetensors'

reading lora /home/dev/work/media/stablediffusion/stable-diffusion-webui-ux-arch/models/Lora/norman_rockwell_illustrious_v0_1_v1.safetensors: FileNotFoundError
Traceback (most recent call last):
  File "/home/dev/work/media/stablediffusion/stable-diffusion-webui-ux-arch/extensions-builtin/Lora/network.py", line 38, in __init__
    self.metadata = cache.cached_data_for_file('safetensors-metadata', "lora/" + self.name, filename, read_metadata)
  File "/home/dev/work/media/stablediffusion/stable-diffusion-webui-ux-arch/modules/cache.py", line 105, in cached_data_for_file
    ondisk_mtime = os.path.getmtime(filename)
  File "/home/dev/.local/share/uv/python/cpython-3.10.16-linux-x86_64-gnu/lib/python3.10/genericpath.py", line 55, in getmtime
    return os.stat(filename).st_mtime
FileNotFoundError: [Errno 2] No such file or directory: '/home/dev/work/media/stablediffusion/stable-diffusion-webui-ux-arch/models/Lora/norman_rockwell_illustrious_v0_1_v1.safetensors'

reading lora /home/dev/work/media/stablediffusion/stable-diffusion-webui-ux-arch/models/Lora/norman_rockwell_style_animagine3.1_v12.safetensors: FileNotFoundError
Traceback (most recent call last):
  File "/home/dev/work/media/stablediffusion/stable-diffusion-webui-ux-arch/extensions-builtin/Lora/network.py", line 38, in __init__
    self.metadata = cache.cached_data_for_file('safetensors-metadata', "lora/" + self.name, filename, read_metadata)
  File "/home/dev/work/media/stablediffusion/stable-diffusion-webui-ux-arch/modules/cache.py", line 105, in cached_data_for_file
    ondisk_mtime = os.path.getmtime(filename)
  File "/home/dev/.local/share/uv/python/cpython-3.10.16-linux-x86_64-gnu/lib/python3.10/genericpath.py", line 55, in getmtime
    return os.stat(filename).st_mtime
FileNotFoundError: [Errno 2] No such file or directory: '/home/dev/work/media/stablediffusion/stable-diffusion-webui-ux-arch/models/Lora/norman_rockwell_style_animagine3.1_v12.safetensors'

reading lora /home/dev/work/media/stablediffusion/stable-diffusion-webui-ux-arch/models/Lora/norman_rockwell_style_pony_v6-000040.safetensors: FileNotFoundError
Traceback (most recent call last):
  File "/home/dev/work/media/stablediffusion/stable-diffusion-webui-ux-arch/extensions-builtin/Lora/network.py", line 38, in __init__
    self.metadata = cache.cached_data_for_file('safetensors-metadata', "lora/" + self.name, filename, read_metadata)
  File "/home/dev/work/media/stablediffusion/stable-diffusion-webui-ux-arch/modules/cache.py", line 105, in cached_data_for_file
    ondisk_mtime = os.path.getmtime(filename)
  File "/home/dev/.local/share/uv/python/cpython-3.10.16-linux-x86_64-gnu/lib/python3.10/genericpath.py", line 55, in getmtime
    return os.stat(filename).st_mtime
FileNotFoundError: [Errno 2] No such file or directory: '/home/dev/work/media/stablediffusion/stable-diffusion-webui-ux-arch/models/Lora/norman_rockwell_style_pony_v6-000040.safetensors'

reading lora /home/dev/work/media/stablediffusion/stable-diffusion-webui-ux-arch/models/Lora/NSFW_1.4.safetensors: FileNotFoundError
Traceback (most recent call last):
  File "/home/dev/work/media/stablediffusion/stable-diffusion-webui-ux-arch/extensions-builtin/Lora/network.py", line 38, in __init__
    self.metadata = cache.cached_data_for_file('safetensors-metadata', "lora/" + self.name, filename, read_metadata)
  File "/home/dev/work/media/stablediffusion/stable-diffusion-webui-ux-arch/modules/cache.py", line 105, in cached_data_for_file
    ondisk_mtime = os.path.getmtime(filename)
  File "/home/dev/.local/share/uv/python/cpython-3.10.16-linux-x86_64-gnu/lib/python3.10/genericpath.py", line 55, in getmtime
    return os.stat(filename).st_mtime
FileNotFoundError: [Errno 2] No such file or directory: '/home/dev/work/media/stablediffusion/stable-diffusion-webui-ux-arch/models/Lora/NSFW_1.4.safetensors'

reading lora /home/dev/work/media/stablediffusion/stable-diffusion-webui-ux-arch/models/Lora/NsfwPovAllInOneLoraSdxl-000009.safetensors: FileNotFoundError
Traceback (most recent call last):
  File "/home/dev/work/media/stablediffusion/stable-diffusion-webui-ux-arch/extensions-builtin/Lora/network.py", line 38, in __init__
    self.metadata = cache.cached_data_for_file('safetensors-metadata', "lora/" + self.name, filename, read_metadata)
  File "/home/dev/work/media/stablediffusion/stable-diffusion-webui-ux-arch/modules/cache.py", line 105, in cached_data_for_file
    ondisk_mtime = os.path.getmtime(filename)
  File "/home/dev/.local/share/uv/python/cpython-3.10.16-linux-x86_64-gnu/lib/python3.10/genericpath.py", line 55, in getmtime
    return os.stat(filename).st_mtime
FileNotFoundError: [Errno 2] No such file or directory: '/home/dev/work/media/stablediffusion/stable-diffusion-webui-ux-arch/models/Lora/NsfwPovAllInOneLoraSdxl-000009.safetensors'

reading lora /home/dev/work/media/stablediffusion/stable-diffusion-webui-ux-arch/models/Lora/Nude_Female_Realism-000005.safetensors: FileNotFoundError
Traceback (most recent call last):
  File "/home/dev/work/media/stablediffusion/stable-diffusion-webui-ux-arch/extensions-builtin/Lora/network.py", line 38, in __init__
    self.metadata = cache.cached_data_for_file('safetensors-metadata', "lora/" + self.name, filename, read_metadata)
  File "/home/dev/work/media/stablediffusion/stable-diffusion-webui-ux-arch/modules/cache.py", line 105, in cached_data_for_file
    ondisk_mtime = os.path.getmtime(filename)
  File "/home/dev/.local/share/uv/python/cpython-3.10.16-linux-x86_64-gnu/lib/python3.10/genericpath.py", line 55, in getmtime
    return os.stat(filename).st_mtime
FileNotFoundError: [Errno 2] No such file or directory: '/home/dev/work/media/stablediffusion/stable-diffusion-webui-ux-arch/models/Lora/Nude_Female_Realism-000005.safetensors'

reading lora /home/dev/work/media/stablediffusion/stable-diffusion-webui-ux-arch/models/Lora/OIRAN-LORA-ILLUSTRIOUS-64.safetensors: FileNotFoundError
Traceback (most recent call last):
  File "/home/dev/work/media/stablediffusion/stable-diffusion-webui-ux-arch/extensions-builtin/Lora/network.py", line 38, in __init__
    self.metadata = cache.cached_data_for_file('safetensors-metadata', "lora/" + self.name, filename, read_metadata)
  File "/home/dev/work/media/stablediffusion/stable-diffusion-webui-ux-arch/modules/cache.py", line 105, in cached_data_for_file
    ondisk_mtime = os.path.getmtime(filename)
  File "/home/dev/.local/share/uv/python/cpython-3.10.16-linux-x86_64-gnu/lib/python3.10/genericpath.py", line 55, in getmtime
    return os.stat(filename).st_mtime
FileNotFoundError: [Errno 2] No such file or directory: '/home/dev/work/media/stablediffusion/stable-diffusion-webui-ux-arch/models/Lora/OIRAN-LORA-ILLUSTRIOUS-64.safetensors'

reading lora /home/dev/work/media/stablediffusion/stable-diffusion-webui-ux-arch/models/Lora/org4smic_sdxl.safetensors: FileNotFoundError
Traceback (most recent call last):
  File "/home/dev/work/media/stablediffusion/stable-diffusion-webui-ux-arch/extensions-builtin/Lora/network.py", line 38, in __init__
    self.metadata = cache.cached_data_for_file('safetensors-metadata', "lora/" + self.name, filename, read_metadata)
  File "/home/dev/work/media/stablediffusion/stable-diffusion-webui-ux-arch/modules/cache.py", line 105, in cached_data_for_file
    ondisk_mtime = os.path.getmtime(filename)
  File "/home/dev/.local/share/uv/python/cpython-3.10.16-linux-x86_64-gnu/lib/python3.10/genericpath.py", line 55, in getmtime
    return os.stat(filename).st_mtime
FileNotFoundError: [Errno 2] No such file or directory: '/home/dev/work/media/stablediffusion/stable-diffusion-webui-ux-arch/models/Lora/org4smic_sdxl.safetensors'

reading lora /home/dev/work/media/stablediffusion/stable-diffusion-webui-ux-arch/models/Lora/OrieHidaka_illustrious_V1_AnimeNyan_r1.safetensors: FileNotFoundError
Traceback (most recent call last):
  File "/home/dev/work/media/stablediffusion/stable-diffusion-webui-ux-arch/extensions-builtin/Lora/network.py", line 38, in __init__
    self.metadata = cache.cached_data_for_file('safetensors-metadata', "lora/" + self.name, filename, read_metadata)
  File "/home/dev/work/media/stablediffusion/stable-diffusion-webui-ux-arch/modules/cache.py", line 105, in cached_data_for_file
    ondisk_mtime = os.path.getmtime(filename)
  File "/home/dev/.local/share/uv/python/cpython-3.10.16-linux-x86_64-gnu/lib/python3.10/genericpath.py", line 55, in getmtime
    return os.stat(filename).st_mtime
FileNotFoundError: [Errno 2] No such file or directory: '/home/dev/work/media/stablediffusion/stable-diffusion-webui-ux-arch/models/Lora/OrieHidaka_illustrious_V1_AnimeNyan_r1.safetensors'

reading lora /home/dev/work/media/stablediffusion/stable-diffusion-webui-ux-arch/models/Lora/OtherStyle_02.safetensors: FileNotFoundError
Traceback (most recent call last):
  File "/home/dev/work/media/stablediffusion/stable-diffusion-webui-ux-arch/extensions-builtin/Lora/network.py", line 38, in __init__
    self.metadata = cache.cached_data_for_file('safetensors-metadata', "lora/" + self.name, filename, read_metadata)
  File "/home/dev/work/media/stablediffusion/stable-diffusion-webui-ux-arch/modules/cache.py", line 105, in cached_data_for_file
    ondisk_mtime = os.path.getmtime(filename)
  File "/home/dev/.local/share/uv/python/cpython-3.10.16-linux-x86_64-gnu/lib/python3.10/genericpath.py", line 55, in getmtime
    return os.stat(filename).st_mtime
FileNotFoundError: [Errno 2] No such file or directory: '/home/dev/work/media/stablediffusion/stable-diffusion-webui-ux-arch/models/Lora/OtherStyle_02.safetensors'

reading lora /home/dev/work/media/stablediffusion/stable-diffusion-webui-ux-arch/models/Lora/OtherStyle_05V1.safetensors: FileNotFoundError
Traceback (most recent call last):
  File "/home/dev/work/media/stablediffusion/stable-diffusion-webui-ux-arch/extensions-builtin/Lora/network.py", line 38, in __init__
    self.metadata = cache.cached_data_for_file('safetensors-metadata', "lora/" + self.name, filename, read_metadata)
  File "/home/dev/work/media/stablediffusion/stable-diffusion-webui-ux-arch/modules/cache.py", line 105, in cached_data_for_file
    ondisk_mtime = os.path.getmtime(filename)
  File "/home/dev/.local/share/uv/python/cpython-3.10.16-linux-x86_64-gnu/lib/python3.10/genericpath.py", line 55, in getmtime
    return os.stat(filename).st_mtime
FileNotFoundError: [Errno 2] No such file or directory: '/home/dev/work/media/stablediffusion/stable-diffusion-webui-ux-arch/models/Lora/OtherStyle_05V1.safetensors'

reading lora /home/dev/work/media/stablediffusion/stable-diffusion-webui-ux-arch/models/Lora/OtherStyle_10V6_03Merge07.safetensors: FileNotFoundError
Traceback (most recent call last):
  File "/home/dev/work/media/stablediffusion/stable-diffusion-webui-ux-arch/extensions-builtin/Lora/network.py", line 38, in __init__
    self.metadata = cache.cached_data_for_file('safetensors-metadata', "lora/" + self.name, filename, read_metadata)
  File "/home/dev/work/media/stablediffusion/stable-diffusion-webui-ux-arch/modules/cache.py", line 105, in cached_data_for_file
    ondisk_mtime = os.path.getmtime(filename)
  File "/home/dev/.local/share/uv/python/cpython-3.10.16-linux-x86_64-gnu/lib/python3.10/genericpath.py", line 55, in getmtime
    return os.stat(filename).st_mtime
FileNotFoundError: [Errno 2] No such file or directory: '/home/dev/work/media/stablediffusion/stable-diffusion-webui-ux-arch/models/Lora/OtherStyle_10V6_03Merge07.safetensors'

reading lora /home/dev/work/media/stablediffusion/stable-diffusion-webui-ux-arch/models/Lora/p0nyd1sney1ncasev1x0n2-v2.safetensors: FileNotFoundError
Traceback (most recent call last):
  File "/home/dev/work/media/stablediffusion/stable-diffusion-webui-ux-arch/extensions-builtin/Lora/network.py", line 38, in __init__
    self.metadata = cache.cached_data_for_file('safetensors-metadata', "lora/" + self.name, filename, read_metadata)
  File "/home/dev/work/media/stablediffusion/stable-diffusion-webui-ux-arch/modules/cache.py", line 105, in cached_data_for_file
    ondisk_mtime = os.path.getmtime(filename)
  File "/home/dev/.local/share/uv/python/cpython-3.10.16-linux-x86_64-gnu/lib/python3.10/genericpath.py", line 55, in getmtime
    return os.stat(filename).st_mtime
FileNotFoundError: [Errno 2] No such file or directory: '/home/dev/work/media/stablediffusion/stable-diffusion-webui-ux-arch/models/Lora/p0nyd1sney1ncasev1x0n2-v2.safetensors'

reading lora /home/dev/work/media/stablediffusion/stable-diffusion-webui-ux-arch/models/Lora/Painterly__Surreal__Realism-000019.safetensors: FileNotFoundError
Traceback (most recent call last):
  File "/home/dev/work/media/stablediffusion/stable-diffusion-webui-ux-arch/extensions-builtin/Lora/network.py", line 38, in __init__
    self.metadata = cache.cached_data_for_file('safetensors-metadata', "lora/" + self.name, filename, read_metadata)
  File "/home/dev/work/media/stablediffusion/stable-diffusion-webui-ux-arch/modules/cache.py", line 105, in cached_data_for_file
    ondisk_mtime = os.path.getmtime(filename)
  File "/home/dev/.local/share/uv/python/cpython-3.10.16-linux-x86_64-gnu/lib/python3.10/genericpath.py", line 55, in getmtime
    return os.stat(filename).st_mtime
FileNotFoundError: [Errno 2] No such file or directory: '/home/dev/work/media/stablediffusion/stable-diffusion-webui-ux-arch/models/Lora/Painterly__Surreal__Realism-000019.safetensors'

reading lora /home/dev/work/media/stablediffusion/stable-diffusion-webui-ux-arch/models/Lora/Panty_Pull_Down_Illustrious_v2.safetensors: FileNotFoundError
Traceback (most recent call last):
  File "/home/dev/work/media/stablediffusion/stable-diffusion-webui-ux-arch/extensions-builtin/Lora/network.py", line 38, in __init__
    self.metadata = cache.cached_data_for_file('safetensors-metadata', "lora/" + self.name, filename, read_metadata)
  File "/home/dev/work/media/stablediffusion/stable-diffusion-webui-ux-arch/modules/cache.py", line 105, in cached_data_for_file
    ondisk_mtime = os.path.getmtime(filename)
  File "/home/dev/.local/share/uv/python/cpython-3.10.16-linux-x86_64-gnu/lib/python3.10/genericpath.py", line 55, in getmtime
    return os.stat(filename).st_mtime
FileNotFoundError: [Errno 2] No such file or directory: '/home/dev/work/media/stablediffusion/stable-diffusion-webui-ux-arch/models/Lora/Panty_Pull_Down_Illustrious_v2.safetensors'

reading lora /home/dev/work/media/stablediffusion/stable-diffusion-webui-ux-arch/models/Lora/Penis_Worship.safetensors: FileNotFoundError
Traceback (most recent call last):
  File "/home/dev/work/media/stablediffusion/stable-diffusion-webui-ux-arch/extensions-builtin/Lora/network.py", line 38, in __init__
    self.metadata = cache.cached_data_for_file('safetensors-metadata', "lora/" + self.name, filename, read_metadata)
  File "/home/dev/work/media/stablediffusion/stable-diffusion-webui-ux-arch/modules/cache.py", line 105, in cached_data_for_file
    ondisk_mtime = os.path.getmtime(filename)
  File "/home/dev/.local/share/uv/python/cpython-3.10.16-linux-x86_64-gnu/lib/python3.10/genericpath.py", line 55, in getmtime
    return os.stat(filename).st_mtime
FileNotFoundError: [Errno 2] No such file or directory: '/home/dev/work/media/stablediffusion/stable-diffusion-webui-ux-arch/models/Lora/Penis_Worship.safetensors'

reading lora /home/dev/work/media/stablediffusion/stable-diffusion-webui-ux-arch/models/Lora/PetraStyle.safetensors: FileNotFoundError
Traceback (most recent call last):
  File "/home/dev/work/media/stablediffusion/stable-diffusion-webui-ux-arch/extensions-builtin/Lora/network.py", line 38, in __init__
    self.metadata = cache.cached_data_for_file('safetensors-metadata', "lora/" + self.name, filename, read_metadata)
  File "/home/dev/work/media/stablediffusion/stable-diffusion-webui-ux-arch/modules/cache.py", line 105, in cached_data_for_file
    ondisk_mtime = os.path.getmtime(filename)
  File "/home/dev/.local/share/uv/python/cpython-3.10.16-linux-x86_64-gnu/lib/python3.10/genericpath.py", line 55, in getmtime
    return os.stat(filename).st_mtime
FileNotFoundError: [Errno 2] No such file or directory: '/home/dev/work/media/stablediffusion/stable-diffusion-webui-ux-arch/models/Lora/PetraStyle.safetensors'

reading lora /home/dev/work/media/stablediffusion/stable-diffusion-webui-ux-arch/models/Lora/PinkLemonadeStyle_IXL_v1.safetensors: FileNotFoundError
Traceback (most recent call last):
  File "/home/dev/work/media/stablediffusion/stable-diffusion-webui-ux-arch/extensions-builtin/Lora/network.py", line 38, in __init__
    self.metadata = cache.cached_data_for_file('safetensors-metadata', "lora/" + self.name, filename, read_metadata)
  File "/home/dev/work/media/stablediffusion/stable-diffusion-webui-ux-arch/modules/cache.py", line 105, in cached_data_for_file
    ondisk_mtime = os.path.getmtime(filename)
  File "/home/dev/.local/share/uv/python/cpython-3.10.16-linux-x86_64-gnu/lib/python3.10/genericpath.py", line 55, in getmtime
    return os.stat(filename).st_mtime
FileNotFoundError: [Errno 2] No such file or directory: '/home/dev/work/media/stablediffusion/stable-diffusion-webui-ux-arch/models/Lora/PinkLemonadeStyle_IXL_v1.safetensors'

reading lora /home/dev/work/media/stablediffusion/stable-diffusion-webui-ux-arch/models/Lora/PinupGirl01e_CE_XL_300-OT.safetensors: FileNotFoundError
Traceback (most recent call last):
  File "/home/dev/work/media/stablediffusion/stable-diffusion-webui-ux-arch/extensions-builtin/Lora/network.py", line 38, in __init__
    self.metadata = cache.cached_data_for_file('safetensors-metadata', "lora/" + self.name, filename, read_metadata)
  File "/home/dev/work/media/stablediffusion/stable-diffusion-webui-ux-arch/modules/cache.py", line 105, in cached_data_for_file
    ondisk_mtime = os.path.getmtime(filename)
  File "/home/dev/.local/share/uv/python/cpython-3.10.16-linux-x86_64-gnu/lib/python3.10/genericpath.py", line 55, in getmtime
    return os.stat(filename).st_mtime
FileNotFoundError: [Errno 2] No such file or directory: '/home/dev/work/media/stablediffusion/stable-diffusion-webui-ux-arch/models/Lora/PinupGirl01e_CE_XL_300-OT.safetensors'

reading lora /home/dev/work/media/stablediffusion/stable-diffusion-webui-ux-arch/models/Lora/PLASTT.safetensors: FileNotFoundError
Traceback (most recent call last):
  File "/home/dev/work/media/stablediffusion/stable-diffusion-webui-ux-arch/extensions-builtin/Lora/network.py", line 38, in __init__
    self.metadata = cache.cached_data_for_file('safetensors-metadata', "lora/" + self.name, filename, read_metadata)
  File "/home/dev/work/media/stablediffusion/stable-diffusion-webui-ux-arch/modules/cache.py", line 105, in cached_data_for_file
    ondisk_mtime = os.path.getmtime(filename)
  File "/home/dev/.local/share/uv/python/cpython-3.10.16-linux-x86_64-gnu/lib/python3.10/genericpath.py", line 55, in getmtime
    return os.stat(filename).st_mtime
FileNotFoundError: [Errno 2] No such file or directory: '/home/dev/work/media/stablediffusion/stable-diffusion-webui-ux-arch/models/Lora/PLASTT.safetensors'

reading lora /home/dev/work/media/stablediffusion/stable-diffusion-webui-ux-arch/models/Lora/pony-realism-22-nsfw-photo.safetensors: FileNotFoundError
Traceback (most recent call last):
  File "/home/dev/work/media/stablediffusion/stable-diffusion-webui-ux-arch/extensions-builtin/Lora/network.py", line 38, in __init__
    self.metadata = cache.cached_data_for_file('safetensors-metadata', "lora/" + self.name, filename, read_metadata)
  File "/home/dev/work/media/stablediffusion/stable-diffusion-webui-ux-arch/modules/cache.py", line 105, in cached_data_for_file
    ondisk_mtime = os.path.getmtime(filename)
  File "/home/dev/.local/share/uv/python/cpython-3.10.16-linux-x86_64-gnu/lib/python3.10/genericpath.py", line 55, in getmtime
    return os.stat(filename).st_mtime
FileNotFoundError: [Errno 2] No such file or directory: '/home/dev/work/media/stablediffusion/stable-diffusion-webui-ux-arch/models/Lora/pony-realism-22-nsfw-photo.safetensors'

reading lora /home/dev/work/media/stablediffusion/stable-diffusion-webui-ux-arch/models/Lora/PonyMythAn1m3V2.safetensors: FileNotFoundError
Traceback (most recent call last):
  File "/home/dev/work/media/stablediffusion/stable-diffusion-webui-ux-arch/extensions-builtin/Lora/network.py", line 38, in __init__
    self.metadata = cache.cached_data_for_file('safetensors-metadata', "lora/" + self.name, filename, read_metadata)
  File "/home/dev/work/media/stablediffusion/stable-diffusion-webui-ux-arch/modules/cache.py", line 105, in cached_data_for_file
    ondisk_mtime = os.path.getmtime(filename)
  File "/home/dev/.local/share/uv/python/cpython-3.10.16-linux-x86_64-gnu/lib/python3.10/genericpath.py", line 55, in getmtime
    return os.stat(filename).st_mtime
FileNotFoundError: [Errno 2] No such file or directory: '/home/dev/work/media/stablediffusion/stable-diffusion-webui-ux-arch/models/Lora/PonyMythAn1m3V2.safetensors'

reading lora /home/dev/work/media/stablediffusion/stable-diffusion-webui-ux-arch/models/Lora/ponyxl-deep_penetration-concept-v01.safetensors: FileNotFoundError
Traceback (most recent call last):
  File "/home/dev/work/media/stablediffusion/stable-diffusion-webui-ux-arch/extensions-builtin/Lora/network.py", line 38, in __init__
    self.metadata = cache.cached_data_for_file('safetensors-metadata', "lora/" + self.name, filename, read_metadata)
  File "/home/dev/work/media/stablediffusion/stable-diffusion-webui-ux-arch/modules/cache.py", line 105, in cached_data_for_file
    ondisk_mtime = os.path.getmtime(filename)
  File "/home/dev/.local/share/uv/python/cpython-3.10.16-linux-x86_64-gnu/lib/python3.10/genericpath.py", line 55, in getmtime
    return os.stat(filename).st_mtime
FileNotFoundError: [Errno 2] No such file or directory: '/home/dev/work/media/stablediffusion/stable-diffusion-webui-ux-arch/models/Lora/ponyxl-deep_penetration-concept-v01.safetensors'

reading lora /home/dev/work/media/stablediffusion/stable-diffusion-webui-ux-arch/models/Lora/PONYXL_CONCEPT_MutualMasturbation_ownwaifu.safetensors: FileNotFoundError
Traceback (most recent call last):
  File "/home/dev/work/media/stablediffusion/stable-diffusion-webui-ux-arch/extensions-builtin/Lora/network.py", line 38, in __init__
    self.metadata = cache.cached_data_for_file('safetensors-metadata', "lora/" + self.name, filename, read_metadata)
  File "/home/dev/work/media/stablediffusion/stable-diffusion-webui-ux-arch/modules/cache.py", line 105, in cached_data_for_file
    ondisk_mtime = os.path.getmtime(filename)
  File "/home/dev/.local/share/uv/python/cpython-3.10.16-linux-x86_64-gnu/lib/python3.10/genericpath.py", line 55, in getmtime
    return os.stat(filename).st_mtime
FileNotFoundError: [Errno 2] No such file or directory: '/home/dev/work/media/stablediffusion/stable-diffusion-webui-ux-arch/models/Lora/PONYXL_CONCEPT_MutualMasturbation_ownwaifu.safetensors'

reading lora /home/dev/work/media/stablediffusion/stable-diffusion-webui-ux-arch/models/Lora/PosingDynamicsILL.safetensors: FileNotFoundError
Traceback (most recent call last):
  File "/home/dev/work/media/stablediffusion/stable-diffusion-webui-ux-arch/extensions-builtin/Lora/network.py", line 38, in __init__
    self.metadata = cache.cached_data_for_file('safetensors-metadata', "lora/" + self.name, filename, read_metadata)
  File "/home/dev/work/media/stablediffusion/stable-diffusion-webui-ux-arch/modules/cache.py", line 105, in cached_data_for_file
    ondisk_mtime = os.path.getmtime(filename)
  File "/home/dev/.local/share/uv/python/cpython-3.10.16-linux-x86_64-gnu/lib/python3.10/genericpath.py", line 55, in getmtime
    return os.stat(filename).st_mtime
FileNotFoundError: [Errno 2] No such file or directory: '/home/dev/work/media/stablediffusion/stable-diffusion-webui-ux-arch/models/Lora/PosingDynamicsILL.safetensors'

reading lora /home/dev/work/media/stablediffusion/stable-diffusion-webui-ux-arch/models/Lora/ppw_v8_Illuv1_128.safetensors: FileNotFoundError
Traceback (most recent call last):
  File "/home/dev/work/media/stablediffusion/stable-diffusion-webui-ux-arch/extensions-builtin/Lora/network.py", line 38, in __init__
    self.metadata = cache.cached_data_for_file('safetensors-metadata', "lora/" + self.name, filename, read_metadata)
  File "/home/dev/work/media/stablediffusion/stable-diffusion-webui-ux-arch/modules/cache.py", line 105, in cached_data_for_file
    ondisk_mtime = os.path.getmtime(filename)
  File "/home/dev/.local/share/uv/python/cpython-3.10.16-linux-x86_64-gnu/lib/python3.10/genericpath.py", line 55, in getmtime
    return os.stat(filename).st_mtime
FileNotFoundError: [Errno 2] No such file or directory: '/home/dev/work/media/stablediffusion/stable-diffusion-webui-ux-arch/models/Lora/ppw_v8_Illuv1_128.safetensors'

reading lora /home/dev/work/media/stablediffusion/stable-diffusion-webui-ux-arch/models/Lora/ppw_v8_Illuv2stable_128.safetensors: FileNotFoundError
Traceback (most recent call last):
  File "/home/dev/work/media/stablediffusion/stable-diffusion-webui-ux-arch/extensions-builtin/Lora/network.py", line 38, in __init__
    self.metadata = cache.cached_data_for_file('safetensors-metadata', "lora/" + self.name, filename, read_metadata)
  File "/home/dev/work/media/stablediffusion/stable-diffusion-webui-ux-arch/modules/cache.py", line 105, in cached_data_for_file
    ondisk_mtime = os.path.getmtime(filename)
  File "/home/dev/.local/share/uv/python/cpython-3.10.16-linux-x86_64-gnu/lib/python3.10/genericpath.py", line 55, in getmtime
    return os.stat(filename).st_mtime
FileNotFoundError: [Errno 2] No such file or directory: '/home/dev/work/media/stablediffusion/stable-diffusion-webui-ux-arch/models/Lora/ppw_v8_Illuv2stable_128.safetensors'

reading lora /home/dev/work/media/stablediffusion/stable-diffusion-webui-ux-arch/models/Lora/ppw_v8_noobVpredv1_1_128.safetensors: FileNotFoundError
Traceback (most recent call last):
  File "/home/dev/work/media/stablediffusion/stable-diffusion-webui-ux-arch/extensions-builtin/Lora/network.py", line 38, in __init__
    self.metadata = cache.cached_data_for_file('safetensors-metadata', "lora/" + self.name, filename, read_metadata)
  File "/home/dev/work/media/stablediffusion/stable-diffusion-webui-ux-arch/modules/cache.py", line 105, in cached_data_for_file
    ondisk_mtime = os.path.getmtime(filename)
  File "/home/dev/.local/share/uv/python/cpython-3.10.16-linux-x86_64-gnu/lib/python3.10/genericpath.py", line 55, in getmtime
    return os.stat(filename).st_mtime
FileNotFoundError: [Errno 2] No such file or directory: '/home/dev/work/media/stablediffusion/stable-diffusion-webui-ux-arch/models/Lora/ppw_v8_noobVpredv1_1_128.safetensors'

reading lora /home/dev/work/media/stablediffusion/stable-diffusion-webui-ux-arch/models/Lora/princess_pony_v1.safetensors: FileNotFoundError
Traceback (most recent call last):
  File "/home/dev/work/media/stablediffusion/stable-diffusion-webui-ux-arch/extensions-builtin/Lora/network.py", line 38, in __init__
    self.metadata = cache.cached_data_for_file('safetensors-metadata', "lora/" + self.name, filename, read_metadata)
  File "/home/dev/work/media/stablediffusion/stable-diffusion-webui-ux-arch/modules/cache.py", line 105, in cached_data_for_file
    ondisk_mtime = os.path.getmtime(filename)
  File "/home/dev/.local/share/uv/python/cpython-3.10.16-linux-x86_64-gnu/lib/python3.10/genericpath.py", line 55, in getmtime
    return os.stat(filename).st_mtime
FileNotFoundError: [Errno 2] No such file or directory: '/home/dev/work/media/stablediffusion/stable-diffusion-webui-ux-arch/models/Lora/princess_pony_v1.safetensors'

reading lora /home/dev/work/media/stablediffusion/stable-diffusion-webui-ux-arch/models/Lora/princess_rc_il.safetensors: FileNotFoundError
Traceback (most recent call last):
  File "/home/dev/work/media/stablediffusion/stable-diffusion-webui-ux-arch/extensions-builtin/Lora/network.py", line 38, in __init__
    self.metadata = cache.cached_data_for_file('safetensors-metadata', "lora/" + self.name, filename, read_metadata)
  File "/home/dev/work/media/stablediffusion/stable-diffusion-webui-ux-arch/modules/cache.py", line 105, in cached_data_for_file
    ondisk_mtime = os.path.getmtime(filename)
  File "/home/dev/.local/share/uv/python/cpython-3.10.16-linux-x86_64-gnu/lib/python3.10/genericpath.py", line 55, in getmtime
    return os.stat(filename).st_mtime
FileNotFoundError: [Errno 2] No such file or directory: '/home/dev/work/media/stablediffusion/stable-diffusion-webui-ux-arch/models/Lora/princess_rc_il.safetensors'

reading lora /home/dev/work/media/stablediffusion/stable-diffusion-webui-ux-arch/models/Lora/princess_xl_v2.safetensors: FileNotFoundError
Traceback (most recent call last):
  File "/home/dev/work/media/stablediffusion/stable-diffusion-webui-ux-arch/extensions-builtin/Lora/network.py", line 38, in __init__
    self.metadata = cache.cached_data_for_file('safetensors-metadata', "lora/" + self.name, filename, read_metadata)
  File "/home/dev/work/media/stablediffusion/stable-diffusion-webui-ux-arch/modules/cache.py", line 105, in cached_data_for_file
    ondisk_mtime = os.path.getmtime(filename)
  File "/home/dev/.local/share/uv/python/cpython-3.10.16-linux-x86_64-gnu/lib/python3.10/genericpath.py", line 55, in getmtime
    return os.stat(filename).st_mtime
FileNotFoundError: [Errno 2] No such file or directory: '/home/dev/work/media/stablediffusion/stable-diffusion-webui-ux-arch/models/Lora/princess_xl_v2.safetensors'

reading lora /home/dev/work/media/stablediffusion/stable-diffusion-webui-ux-arch/models/Lora/ProAnimeIXL.safetensors: FileNotFoundError
Traceback (most recent call last):
  File "/home/dev/work/media/stablediffusion/stable-diffusion-webui-ux-arch/extensions-builtin/Lora/network.py", line 38, in __init__
    self.metadata = cache.cached_data_for_file('safetensors-metadata', "lora/" + self.name, filename, read_metadata)
  File "/home/dev/work/media/stablediffusion/stable-diffusion-webui-ux-arch/modules/cache.py", line 105, in cached_data_for_file
    ondisk_mtime = os.path.getmtime(filename)
  File "/home/dev/.local/share/uv/python/cpython-3.10.16-linux-x86_64-gnu/lib/python3.10/genericpath.py", line 55, in getmtime
    return os.stat(filename).st_mtime
FileNotFoundError: [Errno 2] No such file or directory: '/home/dev/work/media/stablediffusion/stable-diffusion-webui-ux-arch/models/Lora/ProAnimeIXL.safetensors'

reading lora /home/dev/work/media/stablediffusion/stable-diffusion-webui-ux-arch/models/Lora/PronebonePoses-ILv1.0.safetensors: FileNotFoundError
Traceback (most recent call last):
  File "/home/dev/work/media/stablediffusion/stable-diffusion-webui-ux-arch/extensions-builtin/Lora/network.py", line 38, in __init__
    self.metadata = cache.cached_data_for_file('safetensors-metadata', "lora/" + self.name, filename, read_metadata)
  File "/home/dev/work/media/stablediffusion/stable-diffusion-webui-ux-arch/modules/cache.py", line 105, in cached_data_for_file
    ondisk_mtime = os.path.getmtime(filename)
  File "/home/dev/.local/share/uv/python/cpython-3.10.16-linux-x86_64-gnu/lib/python3.10/genericpath.py", line 55, in getmtime
    return os.stat(filename).st_mtime
FileNotFoundError: [Errno 2] No such file or directory: '/home/dev/work/media/stablediffusion/stable-diffusion-webui-ux-arch/models/Lora/PronebonePoses-ILv1.0.safetensors'

reading lora /home/dev/work/media/stablediffusion/stable-diffusion-webui-ux-arch/models/Lora/PulledTopOffOverHead.1.0.safetensors: FileNotFoundError
Traceback (most recent call last):
  File "/home/dev/work/media/stablediffusion/stable-diffusion-webui-ux-arch/extensions-builtin/Lora/network.py", line 38, in __init__
    self.metadata = cache.cached_data_for_file('safetensors-metadata', "lora/" + self.name, filename, read_metadata)
  File "/home/dev/work/media/stablediffusion/stable-diffusion-webui-ux-arch/modules/cache.py", line 105, in cached_data_for_file
    ondisk_mtime = os.path.getmtime(filename)
  File "/home/dev/.local/share/uv/python/cpython-3.10.16-linux-x86_64-gnu/lib/python3.10/genericpath.py", line 55, in getmtime
    return os.stat(filename).st_mtime
FileNotFoundError: [Errno 2] No such file or directory: '/home/dev/work/media/stablediffusion/stable-diffusion-webui-ux-arch/models/Lora/PulledTopOffOverHead.1.0.safetensors'

reading lora /home/dev/work/media/stablediffusion/stable-diffusion-webui-ux-arch/models/Lora/Pussy_pants_nohands_D03_realvizXL2_bucket_01-000010.safetensors: FileNotFoundError
Traceback (most recent call last):
  File "/home/dev/work/media/stablediffusion/stable-diffusion-webui-ux-arch/extensions-builtin/Lora/network.py", line 38, in __init__
    self.metadata = cache.cached_data_for_file('safetensors-metadata', "lora/" + self.name, filename, read_metadata)
  File "/home/dev/work/media/stablediffusion/stable-diffusion-webui-ux-arch/modules/cache.py", line 105, in cached_data_for_file
    ondisk_mtime = os.path.getmtime(filename)
  File "/home/dev/.local/share/uv/python/cpython-3.10.16-linux-x86_64-gnu/lib/python3.10/genericpath.py", line 55, in getmtime
    return os.stat(filename).st_mtime
FileNotFoundError: [Errno 2] No such file or directory: '/home/dev/work/media/stablediffusion/stable-diffusion-webui-ux-arch/models/Lora/Pussy_pants_nohands_D03_realvizXL2_bucket_01-000010.safetensors'

reading lora /home/dev/work/media/stablediffusion/stable-diffusion-webui-ux-arch/models/Lora/raw-color-illustrious.safetensors: FileNotFoundError
Traceback (most recent call last):
  File "/home/dev/work/media/stablediffusion/stable-diffusion-webui-ux-arch/extensions-builtin/Lora/network.py", line 38, in __init__
    self.metadata = cache.cached_data_for_file('safetensors-metadata', "lora/" + self.name, filename, read_metadata)
  File "/home/dev/work/media/stablediffusion/stable-diffusion-webui-ux-arch/modules/cache.py", line 105, in cached_data_for_file
    ondisk_mtime = os.path.getmtime(filename)
  File "/home/dev/.local/share/uv/python/cpython-3.10.16-linux-x86_64-gnu/lib/python3.10/genericpath.py", line 55, in getmtime
    return os.stat(filename).st_mtime
FileNotFoundError: [Errno 2] No such file or directory: '/home/dev/work/media/stablediffusion/stable-diffusion-webui-ux-arch/models/Lora/raw-color-illustrious.safetensors'

reading lora /home/dev/work/media/stablediffusion/stable-diffusion-webui-ux-arch/models/Lora/Rawfully Stylish v0.2_epoch_20.safetensors: FileNotFoundError
Traceback (most recent call last):
  File "/home/dev/work/media/stablediffusion/stable-diffusion-webui-ux-arch/extensions-builtin/Lora/network.py", line 38, in __init__
    self.metadata = cache.cached_data_for_file('safetensors-metadata', "lora/" + self.name, filename, read_metadata)
  File "/home/dev/work/media/stablediffusion/stable-diffusion-webui-ux-arch/modules/cache.py", line 105, in cached_data_for_file
    ondisk_mtime = os.path.getmtime(filename)
  File "/home/dev/.local/share/uv/python/cpython-3.10.16-linux-x86_64-gnu/lib/python3.10/genericpath.py", line 55, in getmtime
    return os.stat(filename).st_mtime
FileNotFoundError: [Errno 2] No such file or directory: '/home/dev/work/media/stablediffusion/stable-diffusion-webui-ux-arch/models/Lora/Rawfully Stylish v0.2_epoch_20.safetensors'

reading lora /home/dev/work/media/stablediffusion/stable-diffusion-webui-ux-arch/models/Lora/Real_Beauty.safetensors: FileNotFoundError
Traceback (most recent call last):
  File "/home/dev/work/media/stablediffusion/stable-diffusion-webui-ux-arch/extensions-builtin/Lora/network.py", line 38, in __init__
    self.metadata = cache.cached_data_for_file('safetensors-metadata', "lora/" + self.name, filename, read_metadata)
  File "/home/dev/work/media/stablediffusion/stable-diffusion-webui-ux-arch/modules/cache.py", line 105, in cached_data_for_file
    ondisk_mtime = os.path.getmtime(filename)
  File "/home/dev/.local/share/uv/python/cpython-3.10.16-linux-x86_64-gnu/lib/python3.10/genericpath.py", line 55, in getmtime
    return os.stat(filename).st_mtime
FileNotFoundError: [Errno 2] No such file or directory: '/home/dev/work/media/stablediffusion/stable-diffusion-webui-ux-arch/models/Lora/Real_Beauty.safetensors'

reading lora /home/dev/work/media/stablediffusion/stable-diffusion-webui-ux-arch/models/Lora/RealDownblouseXL2.1.safetensors: FileNotFoundError
Traceback (most recent call last):
  File "/home/dev/work/media/stablediffusion/stable-diffusion-webui-ux-arch/extensions-builtin/Lora/network.py", line 38, in __init__
    self.metadata = cache.cached_data_for_file('safetensors-metadata', "lora/" + self.name, filename, read_metadata)
  File "/home/dev/work/media/stablediffusion/stable-diffusion-webui-ux-arch/modules/cache.py", line 105, in cached_data_for_file
    ondisk_mtime = os.path.getmtime(filename)
  File "/home/dev/.local/share/uv/python/cpython-3.10.16-linux-x86_64-gnu/lib/python3.10/genericpath.py", line 55, in getmtime
    return os.stat(filename).st_mtime
FileNotFoundError: [Errno 2] No such file or directory: '/home/dev/work/media/stablediffusion/stable-diffusion-webui-ux-arch/models/Lora/RealDownblouseXL2.1.safetensors'

reading lora /home/dev/work/media/stablediffusion/stable-diffusion-webui-ux-arch/models/Lora/Realistic_covered_cleavage.safetensors: FileNotFoundError
Traceback (most recent call last):
  File "/home/dev/work/media/stablediffusion/stable-diffusion-webui-ux-arch/extensions-builtin/Lora/network.py", line 38, in __init__
    self.metadata = cache.cached_data_for_file('safetensors-metadata', "lora/" + self.name, filename, read_metadata)
  File "/home/dev/work/media/stablediffusion/stable-diffusion-webui-ux-arch/modules/cache.py", line 105, in cached_data_for_file
    ondisk_mtime = os.path.getmtime(filename)
  File "/home/dev/.local/share/uv/python/cpython-3.10.16-linux-x86_64-gnu/lib/python3.10/genericpath.py", line 55, in getmtime
    return os.stat(filename).st_mtime
FileNotFoundError: [Errno 2] No such file or directory: '/home/dev/work/media/stablediffusion/stable-diffusion-webui-ux-arch/models/Lora/Realistic_covered_cleavage.safetensors'

reading lora /home/dev/work/media/stablediffusion/stable-diffusion-webui-ux-arch/models/Lora/Realistic_Pussy_Xl-000010.safetensors: FileNotFoundError
Traceback (most recent call last):
  File "/home/dev/work/media/stablediffusion/stable-diffusion-webui-ux-arch/extensions-builtin/Lora/network.py", line 38, in __init__
    self.metadata = cache.cached_data_for_file('safetensors-metadata', "lora/" + self.name, filename, read_metadata)
  File "/home/dev/work/media/stablediffusion/stable-diffusion-webui-ux-arch/modules/cache.py", line 105, in cached_data_for_file
    ondisk_mtime = os.path.getmtime(filename)
  File "/home/dev/.local/share/uv/python/cpython-3.10.16-linux-x86_64-gnu/lib/python3.10/genericpath.py", line 55, in getmtime
    return os.stat(filename).st_mtime
FileNotFoundError: [Errno 2] No such file or directory: '/home/dev/work/media/stablediffusion/stable-diffusion-webui-ux-arch/models/Lora/Realistic_Pussy_Xl-000010.safetensors'

reading lora /home/dev/work/media/stablediffusion/stable-diffusion-webui-ux-arch/models/Lora/retro_neo_noir_illustiousXL-000021.safetensors: FileNotFoundError
Traceback (most recent call last):
  File "/home/dev/work/media/stablediffusion/stable-diffusion-webui-ux-arch/extensions-builtin/Lora/network.py", line 38, in __init__
    self.metadata = cache.cached_data_for_file('safetensors-metadata', "lora/" + self.name, filename, read_metadata)
  File "/home/dev/work/media/stablediffusion/stable-diffusion-webui-ux-arch/modules/cache.py", line 105, in cached_data_for_file
    ondisk_mtime = os.path.getmtime(filename)
  File "/home/dev/.local/share/uv/python/cpython-3.10.16-linux-x86_64-gnu/lib/python3.10/genericpath.py", line 55, in getmtime
    return os.stat(filename).st_mtime
FileNotFoundError: [Errno 2] No such file or directory: '/home/dev/work/media/stablediffusion/stable-diffusion-webui-ux-arch/models/Lora/retro_neo_noir_illustiousXL-000021.safetensors'

reading lora /home/dev/work/media/stablediffusion/stable-diffusion-webui-ux-arch/models/Lora/Retro_Realism.safetensors: FileNotFoundError
Traceback (most recent call last):
  File "/home/dev/work/media/stablediffusion/stable-diffusion-webui-ux-arch/extensions-builtin/Lora/network.py", line 38, in __init__
    self.metadata = cache.cached_data_for_file('safetensors-metadata', "lora/" + self.name, filename, read_metadata)
  File "/home/dev/work/media/stablediffusion/stable-diffusion-webui-ux-arch/modules/cache.py", line 105, in cached_data_for_file
    ondisk_mtime = os.path.getmtime(filename)
  File "/home/dev/.local/share/uv/python/cpython-3.10.16-linux-x86_64-gnu/lib/python3.10/genericpath.py", line 55, in getmtime
    return os.stat(filename).st_mtime
FileNotFoundError: [Errno 2] No such file or directory: '/home/dev/work/media/stablediffusion/stable-diffusion-webui-ux-arch/models/Lora/Retro_Realism.safetensors'

reading lora /home/dev/work/media/stablediffusion/stable-diffusion-webui-ux-arch/models/Lora/Reverse_deepthroat_v3 (1).safetensors: FileNotFoundError
Traceback (most recent call last):
  File "/home/dev/work/media/stablediffusion/stable-diffusion-webui-ux-arch/extensions-builtin/Lora/network.py", line 38, in __init__
    self.metadata = cache.cached_data_for_file('safetensors-metadata', "lora/" + self.name, filename, read_metadata)
  File "/home/dev/work/media/stablediffusion/stable-diffusion-webui-ux-arch/modules/cache.py", line 105, in cached_data_for_file
    ondisk_mtime = os.path.getmtime(filename)
  File "/home/dev/.local/share/uv/python/cpython-3.10.16-linux-x86_64-gnu/lib/python3.10/genericpath.py", line 55, in getmtime
    return os.stat(filename).st_mtime
FileNotFoundError: [Errno 2] No such file or directory: '/home/dev/work/media/stablediffusion/stable-diffusion-webui-ux-arch/models/Lora/Reverse_deepthroat_v3 (1).safetensors'

reading lora /home/dev/work/media/stablediffusion/stable-diffusion-webui-ux-arch/models/Lora/Reverse_deepthroat_v3.safetensors: FileNotFoundError
Traceback (most recent call last):
  File "/home/dev/work/media/stablediffusion/stable-diffusion-webui-ux-arch/extensions-builtin/Lora/network.py", line 38, in __init__
    self.metadata = cache.cached_data_for_file('safetensors-metadata', "lora/" + self.name, filename, read_metadata)
  File "/home/dev/work/media/stablediffusion/stable-diffusion-webui-ux-arch/modules/cache.py", line 105, in cached_data_for_file
    ondisk_mtime = os.path.getmtime(filename)
  File "/home/dev/.local/share/uv/python/cpython-3.10.16-linux-x86_64-gnu/lib/python3.10/genericpath.py", line 55, in getmtime
    return os.stat(filename).st_mtime
FileNotFoundError: [Errno 2] No such file or directory: '/home/dev/work/media/stablediffusion/stable-diffusion-webui-ux-arch/models/Lora/Reverse_deepthroat_v3.safetensors'

reading lora /home/dev/work/media/stablediffusion/stable-diffusion-webui-ux-arch/models/Lora/Round_Breasts_Noob_Vpred_1_5LR_v2.safetensors: FileNotFoundError
Traceback (most recent call last):
  File "/home/dev/work/media/stablediffusion/stable-diffusion-webui-ux-arch/extensions-builtin/Lora/network.py", line 38, in __init__
    self.metadata = cache.cached_data_for_file('safetensors-metadata', "lora/" + self.name, filename, read_metadata)
  File "/home/dev/work/media/stablediffusion/stable-diffusion-webui-ux-arch/modules/cache.py", line 105, in cached_data_for_file
    ondisk_mtime = os.path.getmtime(filename)
  File "/home/dev/.local/share/uv/python/cpython-3.10.16-linux-x86_64-gnu/lib/python3.10/genericpath.py", line 55, in getmtime
    return os.stat(filename).st_mtime
FileNotFoundError: [Errno 2] No such file or directory: '/home/dev/work/media/stablediffusion/stable-diffusion-webui-ux-arch/models/Lora/Round_Breasts_Noob_Vpred_1_5LR_v2.safetensors'

reading lora /home/dev/work/media/stablediffusion/stable-diffusion-webui-ux-arch/models/Lora/Round_Breasts_XL_XV7-000038.safetensors: FileNotFoundError
Traceback (most recent call last):
  File "/home/dev/work/media/stablediffusion/stable-diffusion-webui-ux-arch/extensions-builtin/Lora/network.py", line 38, in __init__
    self.metadata = cache.cached_data_for_file('safetensors-metadata', "lora/" + self.name, filename, read_metadata)
  File "/home/dev/work/media/stablediffusion/stable-diffusion-webui-ux-arch/modules/cache.py", line 105, in cached_data_for_file
    ondisk_mtime = os.path.getmtime(filename)
  File "/home/dev/.local/share/uv/python/cpython-3.10.16-linux-x86_64-gnu/lib/python3.10/genericpath.py", line 55, in getmtime
    return os.stat(filename).st_mtime
FileNotFoundError: [Errno 2] No such file or directory: '/home/dev/work/media/stablediffusion/stable-diffusion-webui-ux-arch/models/Lora/Round_Breasts_XL_XV7-000038.safetensors'

reading lora /home/dev/work/media/stablediffusion/stable-diffusion-webui-ux-arch/models/Lora/roundassv11_SDXL.safetensors: FileNotFoundError
Traceback (most recent call last):
  File "/home/dev/work/media/stablediffusion/stable-diffusion-webui-ux-arch/extensions-builtin/Lora/network.py", line 38, in __init__
    self.metadata = cache.cached_data_for_file('safetensors-metadata', "lora/" + self.name, filename, read_metadata)
  File "/home/dev/work/media/stablediffusion/stable-diffusion-webui-ux-arch/modules/cache.py", line 105, in cached_data_for_file
    ondisk_mtime = os.path.getmtime(filename)
  File "/home/dev/.local/share/uv/python/cpython-3.10.16-linux-x86_64-gnu/lib/python3.10/genericpath.py", line 55, in getmtime
    return os.stat(filename).st_mtime
FileNotFoundError: [Errno 2] No such file or directory: '/home/dev/work/media/stablediffusion/stable-diffusion-webui-ux-arch/models/Lora/roundassv11_SDXL.safetensors'

reading lora /home/dev/work/media/stablediffusion/stable-diffusion-webui-ux-arch/models/Lora/RSGRL-CR-PONY(10_10_25).safetensors: FileNotFoundError
Traceback (most recent call last):
  File "/home/dev/work/media/stablediffusion/stable-diffusion-webui-ux-arch/extensions-builtin/Lora/network.py", line 38, in __init__
    self.metadata = cache.cached_data_for_file('safetensors-metadata', "lora/" + self.name, filename, read_metadata)
  File "/home/dev/work/media/stablediffusion/stable-diffusion-webui-ux-arch/modules/cache.py", line 105, in cached_data_for_file
    ondisk_mtime = os.path.getmtime(filename)
  File "/home/dev/.local/share/uv/python/cpython-3.10.16-linux-x86_64-gnu/lib/python3.10/genericpath.py", line 55, in getmtime
    return os.stat(filename).st_mtime
FileNotFoundError: [Errno 2] No such file or directory: '/home/dev/work/media/stablediffusion/stable-diffusion-webui-ux-arch/models/Lora/RSGRL-CR-PONY(10_10_25).safetensors'

reading lora /home/dev/work/media/stablediffusion/stable-diffusion-webui-ux-arch/models/Lora/RSGRL-PONY_REALISM(10_10_25).safetensors: FileNotFoundError
Traceback (most recent call last):
  File "/home/dev/work/media/stablediffusion/stable-diffusion-webui-ux-arch/extensions-builtin/Lora/network.py", line 38, in __init__
    self.metadata = cache.cached_data_for_file('safetensors-metadata', "lora/" + self.name, filename, read_metadata)
  File "/home/dev/work/media/stablediffusion/stable-diffusion-webui-ux-arch/modules/cache.py", line 105, in cached_data_for_file
    ondisk_mtime = os.path.getmtime(filename)
  File "/home/dev/.local/share/uv/python/cpython-3.10.16-linux-x86_64-gnu/lib/python3.10/genericpath.py", line 55, in getmtime
    return os.stat(filename).st_mtime
FileNotFoundError: [Errno 2] No such file or directory: '/home/dev/work/media/stablediffusion/stable-diffusion-webui-ux-arch/models/Lora/RSGRL-PONY_REALISM(10_10_25).safetensors'

reading lora /home/dev/work/media/stablediffusion/stable-diffusion-webui-ux-arch/models/Lora/sd_xl_dpo_lora_v1.safetensors: FileNotFoundError
Traceback (most recent call last):
  File "/home/dev/work/media/stablediffusion/stable-diffusion-webui-ux-arch/extensions-builtin/Lora/network.py", line 38, in __init__
    self.metadata = cache.cached_data_for_file('safetensors-metadata', "lora/" + self.name, filename, read_metadata)
  File "/home/dev/work/media/stablediffusion/stable-diffusion-webui-ux-arch/modules/cache.py", line 105, in cached_data_for_file
    ondisk_mtime = os.path.getmtime(filename)
  File "/home/dev/.local/share/uv/python/cpython-3.10.16-linux-x86_64-gnu/lib/python3.10/genericpath.py", line 55, in getmtime
    return os.stat(filename).st_mtime
FileNotFoundError: [Errno 2] No such file or directory: '/home/dev/work/media/stablediffusion/stable-diffusion-webui-ux-arch/models/Lora/sd_xl_dpo_lora_v1.safetensors'

reading lora /home/dev/work/media/stablediffusion/stable-diffusion-webui-ux-arch/models/Lora/SDIL_Realistic_Nude-FP32.safetensors: FileNotFoundError
Traceback (most recent call last):
  File "/home/dev/work/media/stablediffusion/stable-diffusion-webui-ux-arch/extensions-builtin/Lora/network.py", line 38, in __init__
    self.metadata = cache.cached_data_for_file('safetensors-metadata', "lora/" + self.name, filename, read_metadata)
  File "/home/dev/work/media/stablediffusion/stable-diffusion-webui-ux-arch/modules/cache.py", line 105, in cached_data_for_file
    ondisk_mtime = os.path.getmtime(filename)
  File "/home/dev/.local/share/uv/python/cpython-3.10.16-linux-x86_64-gnu/lib/python3.10/genericpath.py", line 55, in getmtime
    return os.stat(filename).st_mtime
FileNotFoundError: [Errno 2] No such file or directory: '/home/dev/work/media/stablediffusion/stable-diffusion-webui-ux-arch/models/Lora/SDIL_Realistic_Nude-FP32.safetensors'

reading lora /home/dev/work/media/stablediffusion/stable-diffusion-webui-ux-arch/models/Lora/sdxlguided-000008.safetensors: FileNotFoundError
Traceback (most recent call last):
  File "/home/dev/work/media/stablediffusion/stable-diffusion-webui-ux-arch/extensions-builtin/Lora/network.py", line 38, in __init__
    self.metadata = cache.cached_data_for_file('safetensors-metadata', "lora/" + self.name, filename, read_metadata)
  File "/home/dev/work/media/stablediffusion/stable-diffusion-webui-ux-arch/modules/cache.py", line 105, in cached_data_for_file
    ondisk_mtime = os.path.getmtime(filename)
  File "/home/dev/.local/share/uv/python/cpython-3.10.16-linux-x86_64-gnu/lib/python3.10/genericpath.py", line 55, in getmtime
    return os.stat(filename).st_mtime
FileNotFoundError: [Errno 2] No such file or directory: '/home/dev/work/media/stablediffusion/stable-diffusion-webui-ux-arch/models/Lora/sdxlguided-000008.safetensors'

reading lora /home/dev/work/media/stablediffusion/stable-diffusion-webui-ux-arch/models/Lora/sebijy.safetensors: FileNotFoundError
Traceback (most recent call last):
  File "/home/dev/work/media/stablediffusion/stable-diffusion-webui-ux-arch/extensions-builtin/Lora/network.py", line 38, in __init__
    self.metadata = cache.cached_data_for_file('safetensors-metadata', "lora/" + self.name, filename, read_metadata)
  File "/home/dev/work/media/stablediffusion/stable-diffusion-webui-ux-arch/modules/cache.py", line 105, in cached_data_for_file
    ondisk_mtime = os.path.getmtime(filename)
  File "/home/dev/.local/share/uv/python/cpython-3.10.16-linux-x86_64-gnu/lib/python3.10/genericpath.py", line 55, in getmtime
    return os.stat(filename).st_mtime
FileNotFoundError: [Errno 2] No such file or directory: '/home/dev/work/media/stablediffusion/stable-diffusion-webui-ux-arch/models/Lora/sebijy.safetensors'

reading lora /home/dev/work/media/stablediffusion/stable-diffusion-webui-ux-arch/models/Lora/Semi-Realism_Illustrious.safetensors: FileNotFoundError
Traceback (most recent call last):
  File "/home/dev/work/media/stablediffusion/stable-diffusion-webui-ux-arch/extensions-builtin/Lora/network.py", line 38, in __init__
    self.metadata = cache.cached_data_for_file('safetensors-metadata', "lora/" + self.name, filename, read_metadata)
  File "/home/dev/work/media/stablediffusion/stable-diffusion-webui-ux-arch/modules/cache.py", line 105, in cached_data_for_file
    ondisk_mtime = os.path.getmtime(filename)
  File "/home/dev/.local/share/uv/python/cpython-3.10.16-linux-x86_64-gnu/lib/python3.10/genericpath.py", line 55, in getmtime
    return os.stat(filename).st_mtime
FileNotFoundError: [Errno 2] No such file or directory: '/home/dev/work/media/stablediffusion/stable-diffusion-webui-ux-arch/models/Lora/Semi-Realism_Illustrious.safetensors'

reading lora /home/dev/work/media/stablediffusion/stable-diffusion-webui-ux-arch/models/Lora/Semi-realism_illustrious.safetensors: FileNotFoundError
Traceback (most recent call last):
  File "/home/dev/work/media/stablediffusion/stable-diffusion-webui-ux-arch/extensions-builtin/Lora/network.py", line 38, in __init__
    self.metadata = cache.cached_data_for_file('safetensors-metadata', "lora/" + self.name, filename, read_metadata)
  File "/home/dev/work/media/stablediffusion/stable-diffusion-webui-ux-arch/modules/cache.py", line 105, in cached_data_for_file
    ondisk_mtime = os.path.getmtime(filename)
  File "/home/dev/.local/share/uv/python/cpython-3.10.16-linux-x86_64-gnu/lib/python3.10/genericpath.py", line 55, in getmtime
    return os.stat(filename).st_mtime
FileNotFoundError: [Errno 2] No such file or directory: '/home/dev/work/media/stablediffusion/stable-diffusion-webui-ux-arch/models/Lora/Semi-realism_illustrious.safetensors'

reading lora /home/dev/work/media/stablediffusion/stable-diffusion-webui-ux-arch/models/Lora/sex_in_cockpit.safetensors: FileNotFoundError
Traceback (most recent call last):
  File "/home/dev/work/media/stablediffusion/stable-diffusion-webui-ux-arch/extensions-builtin/Lora/network.py", line 38, in __init__
    self.metadata = cache.cached_data_for_file('safetensors-metadata', "lora/" + self.name, filename, read_metadata)
  File "/home/dev/work/media/stablediffusion/stable-diffusion-webui-ux-arch/modules/cache.py", line 105, in cached_data_for_file
    ondisk_mtime = os.path.getmtime(filename)
  File "/home/dev/.local/share/uv/python/cpython-3.10.16-linux-x86_64-gnu/lib/python3.10/genericpath.py", line 55, in getmtime
    return os.stat(filename).st_mtime
FileNotFoundError: [Errno 2] No such file or directory: '/home/dev/work/media/stablediffusion/stable-diffusion-webui-ux-arch/models/Lora/sex_in_cockpit.safetensors'

reading lora /home/dev/work/media/stablediffusion/stable-diffusion-webui-ux-arch/models/Lora/Sexy_Pajamas_Pose-000005.safetensors: FileNotFoundError
Traceback (most recent call last):
  File "/home/dev/work/media/stablediffusion/stable-diffusion-webui-ux-arch/extensions-builtin/Lora/network.py", line 38, in __init__
    self.metadata = cache.cached_data_for_file('safetensors-metadata', "lora/" + self.name, filename, read_metadata)
  File "/home/dev/work/media/stablediffusion/stable-diffusion-webui-ux-arch/modules/cache.py", line 105, in cached_data_for_file
    ondisk_mtime = os.path.getmtime(filename)
  File "/home/dev/.local/share/uv/python/cpython-3.10.16-linux-x86_64-gnu/lib/python3.10/genericpath.py", line 55, in getmtime
    return os.stat(filename).st_mtime
FileNotFoundError: [Errno 2] No such file or directory: '/home/dev/work/media/stablediffusion/stable-diffusion-webui-ux-arch/models/Lora/Sexy_Pajamas_Pose-000005.safetensors'

reading lora /home/dev/work/media/stablediffusion/stable-diffusion-webui-ux-arch/models/Lora/sexy_perspective_v3.safetensors: FileNotFoundError
Traceback (most recent call last):
  File "/home/dev/work/media/stablediffusion/stable-diffusion-webui-ux-arch/extensions-builtin/Lora/network.py", line 38, in __init__
    self.metadata = cache.cached_data_for_file('safetensors-metadata', "lora/" + self.name, filename, read_metadata)
  File "/home/dev/work/media/stablediffusion/stable-diffusion-webui-ux-arch/modules/cache.py", line 105, in cached_data_for_file
    ondisk_mtime = os.path.getmtime(filename)
  File "/home/dev/.local/share/uv/python/cpython-3.10.16-linux-x86_64-gnu/lib/python3.10/genericpath.py", line 55, in getmtime
    return os.stat(filename).st_mtime
FileNotFoundError: [Errno 2] No such file or directory: '/home/dev/work/media/stablediffusion/stable-diffusion-webui-ux-arch/models/Lora/sexy_perspective_v3.safetensors'

reading lora /home/dev/work/media/stablediffusion/stable-diffusion-webui-ux-arch/models/Lora/sinful_dark.safetensors: FileNotFoundError
Traceback (most recent call last):
  File "/home/dev/work/media/stablediffusion/stable-diffusion-webui-ux-arch/extensions-builtin/Lora/network.py", line 38, in __init__
    self.metadata = cache.cached_data_for_file('safetensors-metadata', "lora/" + self.name, filename, read_metadata)
  File "/home/dev/work/media/stablediffusion/stable-diffusion-webui-ux-arch/modules/cache.py", line 105, in cached_data_for_file
    ondisk_mtime = os.path.getmtime(filename)
  File "/home/dev/.local/share/uv/python/cpython-3.10.16-linux-x86_64-gnu/lib/python3.10/genericpath.py", line 55, in getmtime
    return os.stat(filename).st_mtime
FileNotFoundError: [Errno 2] No such file or directory: '/home/dev/work/media/stablediffusion/stable-diffusion-webui-ux-arch/models/Lora/sinful_dark.safetensors'

reading lora /home/dev/work/media/stablediffusion/stable-diffusion-webui-ux-arch/models/Lora/Sinfully_Stylish_1.0_Pony.safetensors: FileNotFoundError
Traceback (most recent call last):
  File "/home/dev/work/media/stablediffusion/stable-diffusion-webui-ux-arch/extensions-builtin/Lora/network.py", line 38, in __init__
    self.metadata = cache.cached_data_for_file('safetensors-metadata', "lora/" + self.name, filename, read_metadata)
  File "/home/dev/work/media/stablediffusion/stable-diffusion-webui-ux-arch/modules/cache.py", line 105, in cached_data_for_file
    ondisk_mtime = os.path.getmtime(filename)
  File "/home/dev/.local/share/uv/python/cpython-3.10.16-linux-x86_64-gnu/lib/python3.10/genericpath.py", line 55, in getmtime
    return os.stat(filename).st_mtime
FileNotFoundError: [Errno 2] No such file or directory: '/home/dev/work/media/stablediffusion/stable-diffusion-webui-ux-arch/models/Lora/Sinfully_Stylish_1.0_Pony.safetensors'

reading lora /home/dev/work/media/stablediffusion/stable-diffusion-webui-ux-arch/models/Lora/Sinfully_Stylish_1.0_SDXL.safetensors: FileNotFoundError
Traceback (most recent call last):
  File "/home/dev/work/media/stablediffusion/stable-diffusion-webui-ux-arch/extensions-builtin/Lora/network.py", line 38, in __init__
    self.metadata = cache.cached_data_for_file('safetensors-metadata', "lora/" + self.name, filename, read_metadata)
  File "/home/dev/work/media/stablediffusion/stable-diffusion-webui-ux-arch/modules/cache.py", line 105, in cached_data_for_file
    ondisk_mtime = os.path.getmtime(filename)
  File "/home/dev/.local/share/uv/python/cpython-3.10.16-linux-x86_64-gnu/lib/python3.10/genericpath.py", line 55, in getmtime
    return os.stat(filename).st_mtime
FileNotFoundError: [Errno 2] No such file or directory: '/home/dev/work/media/stablediffusion/stable-diffusion-webui-ux-arch/models/Lora/Sinfully_Stylish_1.0_SDXL.safetensors'

reading lora /home/dev/work/media/stablediffusion/stable-diffusion-webui-ux-arch/models/Lora/Sinfully_Stylish_1.0Beta_for_Illustrious.safetensors: FileNotFoundError
Traceback (most recent call last):
  File "/home/dev/work/media/stablediffusion/stable-diffusion-webui-ux-arch/extensions-builtin/Lora/network.py", line 38, in __init__
    self.metadata = cache.cached_data_for_file('safetensors-metadata', "lora/" + self.name, filename, read_metadata)
  File "/home/dev/work/media/stablediffusion/stable-diffusion-webui-ux-arch/modules/cache.py", line 105, in cached_data_for_file
    ondisk_mtime = os.path.getmtime(filename)
  File "/home/dev/.local/share/uv/python/cpython-3.10.16-linux-x86_64-gnu/lib/python3.10/genericpath.py", line 55, in getmtime
    return os.stat(filename).st_mtime
FileNotFoundError: [Errno 2] No such file or directory: '/home/dev/work/media/stablediffusion/stable-diffusion-webui-ux-arch/models/Lora/Sinfully_Stylish_1.0Beta_for_Illustrious.safetensors'

reading lora /home/dev/work/media/stablediffusion/stable-diffusion-webui-ux-arch/models/Lora/Skinny_small_tits_XL.safetensors: FileNotFoundError
Traceback (most recent call last):
  File "/home/dev/work/media/stablediffusion/stable-diffusion-webui-ux-arch/extensions-builtin/Lora/network.py", line 38, in __init__
    self.metadata = cache.cached_data_for_file('safetensors-metadata', "lora/" + self.name, filename, read_metadata)
  File "/home/dev/work/media/stablediffusion/stable-diffusion-webui-ux-arch/modules/cache.py", line 105, in cached_data_for_file
    ondisk_mtime = os.path.getmtime(filename)
  File "/home/dev/.local/share/uv/python/cpython-3.10.16-linux-x86_64-gnu/lib/python3.10/genericpath.py", line 55, in getmtime
    return os.stat(filename).st_mtime
FileNotFoundError: [Errno 2] No such file or directory: '/home/dev/work/media/stablediffusion/stable-diffusion-webui-ux-arch/models/Lora/Skinny_small_tits_XL.safetensors'

reading lora /home/dev/work/media/stablediffusion/stable-diffusion-webui-ux-arch/models/Lora/SLE_v2.safetensors: FileNotFoundError
Traceback (most recent call last):
  File "/home/dev/work/media/stablediffusion/stable-diffusion-webui-ux-arch/extensions-builtin/Lora/network.py", line 38, in __init__
    self.metadata = cache.cached_data_for_file('safetensors-metadata', "lora/" + self.name, filename, read_metadata)
  File "/home/dev/work/media/stablediffusion/stable-diffusion-webui-ux-arch/modules/cache.py", line 105, in cached_data_for_file
    ondisk_mtime = os.path.getmtime(filename)
  File "/home/dev/.local/share/uv/python/cpython-3.10.16-linux-x86_64-gnu/lib/python3.10/genericpath.py", line 55, in getmtime
    return os.stat(filename).st_mtime
FileNotFoundError: [Errno 2] No such file or directory: '/home/dev/work/media/stablediffusion/stable-diffusion-webui-ux-arch/models/Lora/SLE_v2.safetensors'

reading lora /home/dev/work/media/stablediffusion/stable-diffusion-webui-ux-arch/models/Lora/Smooth Pony Booster.safetensors: FileNotFoundError
Traceback (most recent call last):
  File "/home/dev/work/media/stablediffusion/stable-diffusion-webui-ux-arch/extensions-builtin/Lora/network.py", line 38, in __init__
    self.metadata = cache.cached_data_for_file('safetensors-metadata', "lora/" + self.name, filename, read_metadata)
  File "/home/dev/work/media/stablediffusion/stable-diffusion-webui-ux-arch/modules/cache.py", line 105, in cached_data_for_file
    ondisk_mtime = os.path.getmtime(filename)
  File "/home/dev/.local/share/uv/python/cpython-3.10.16-linux-x86_64-gnu/lib/python3.10/genericpath.py", line 55, in getmtime
    return os.stat(filename).st_mtime
FileNotFoundError: [Errno 2] No such file or directory: '/home/dev/work/media/stablediffusion/stable-diffusion-webui-ux-arch/models/Lora/Smooth Pony Booster.safetensors'

reading lora /home/dev/work/media/stablediffusion/stable-diffusion-webui-ux-arch/models/Lora/Smooth_Booster_v2.safetensors: FileNotFoundError
Traceback (most recent call last):
  File "/home/dev/work/media/stablediffusion/stable-diffusion-webui-ux-arch/extensions-builtin/Lora/network.py", line 38, in __init__
    self.metadata = cache.cached_data_for_file('safetensors-metadata', "lora/" + self.name, filename, read_metadata)
  File "/home/dev/work/media/stablediffusion/stable-diffusion-webui-ux-arch/modules/cache.py", line 105, in cached_data_for_file
    ondisk_mtime = os.path.getmtime(filename)
  File "/home/dev/.local/share/uv/python/cpython-3.10.16-linux-x86_64-gnu/lib/python3.10/genericpath.py", line 55, in getmtime
    return os.stat(filename).st_mtime
FileNotFoundError: [Errno 2] No such file or directory: '/home/dev/work/media/stablediffusion/stable-diffusion-webui-ux-arch/models/Lora/Smooth_Booster_v2.safetensors'

reading lora /home/dev/work/media/stablediffusion/stable-diffusion-webui-ux-arch/models/Lora/Smooth_Booster_v4.safetensors: FileNotFoundError
Traceback (most recent call last):
  File "/home/dev/work/media/stablediffusion/stable-diffusion-webui-ux-arch/extensions-builtin/Lora/network.py", line 38, in __init__
    self.metadata = cache.cached_data_for_file('safetensors-metadata', "lora/" + self.name, filename, read_metadata)
  File "/home/dev/work/media/stablediffusion/stable-diffusion-webui-ux-arch/modules/cache.py", line 105, in cached_data_for_file
    ondisk_mtime = os.path.getmtime(filename)
  File "/home/dev/.local/share/uv/python/cpython-3.10.16-linux-x86_64-gnu/lib/python3.10/genericpath.py", line 55, in getmtime
    return os.stat(filename).st_mtime
FileNotFoundError: [Errno 2] No such file or directory: '/home/dev/work/media/stablediffusion/stable-diffusion-webui-ux-arch/models/Lora/Smooth_Booster_v4.safetensors'

reading lora /home/dev/work/media/stablediffusion/stable-diffusion-webui-ux-arch/models/Lora/Smooth_Lighting_Enhancer.safetensors: FileNotFoundError
Traceback (most recent call last):
  File "/home/dev/work/media/stablediffusion/stable-diffusion-webui-ux-arch/extensions-builtin/Lora/network.py", line 38, in __init__
    self.metadata = cache.cached_data_for_file('safetensors-metadata', "lora/" + self.name, filename, read_metadata)
  File "/home/dev/work/media/stablediffusion/stable-diffusion-webui-ux-arch/modules/cache.py", line 105, in cached_data_for_file
    ondisk_mtime = os.path.getmtime(filename)
  File "/home/dev/.local/share/uv/python/cpython-3.10.16-linux-x86_64-gnu/lib/python3.10/genericpath.py", line 55, in getmtime
    return os.stat(filename).st_mtime
FileNotFoundError: [Errno 2] No such file or directory: '/home/dev/work/media/stablediffusion/stable-diffusion-webui-ux-arch/models/Lora/Smooth_Lighting_Enhancer.safetensors'

reading lora /home/dev/work/media/stablediffusion/stable-diffusion-webui-ux-arch/models/Lora/Smooth_SteamPunk.safetensors: FileNotFoundError
Traceback (most recent call last):
  File "/home/dev/work/media/stablediffusion/stable-diffusion-webui-ux-arch/extensions-builtin/Lora/network.py", line 38, in __init__
    self.metadata = cache.cached_data_for_file('safetensors-metadata', "lora/" + self.name, filename, read_metadata)
  File "/home/dev/work/media/stablediffusion/stable-diffusion-webui-ux-arch/modules/cache.py", line 105, in cached_data_for_file
    ondisk_mtime = os.path.getmtime(filename)
  File "/home/dev/.local/share/uv/python/cpython-3.10.16-linux-x86_64-gnu/lib/python3.10/genericpath.py", line 55, in getmtime
    return os.stat(filename).st_mtime
FileNotFoundError: [Errno 2] No such file or directory: '/home/dev/work/media/stablediffusion/stable-diffusion-webui-ux-arch/models/Lora/Smooth_SteamPunk.safetensors'

reading lora /home/dev/work/media/stablediffusion/stable-diffusion-webui-ux-arch/models/Lora/Smooth_Tribal.safetensors: FileNotFoundError
Traceback (most recent call last):
  File "/home/dev/work/media/stablediffusion/stable-diffusion-webui-ux-arch/extensions-builtin/Lora/network.py", line 38, in __init__
    self.metadata = cache.cached_data_for_file('safetensors-metadata', "lora/" + self.name, filename, read_metadata)
  File "/home/dev/work/media/stablediffusion/stable-diffusion-webui-ux-arch/modules/cache.py", line 105, in cached_data_for_file
    ondisk_mtime = os.path.getmtime(filename)
  File "/home/dev/.local/share/uv/python/cpython-3.10.16-linux-x86_64-gnu/lib/python3.10/genericpath.py", line 55, in getmtime
    return os.stat(filename).st_mtime
FileNotFoundError: [Errno 2] No such file or directory: '/home/dev/work/media/stablediffusion/stable-diffusion-webui-ux-arch/models/Lora/Smooth_Tribal.safetensors'

reading lora /home/dev/work/media/stablediffusion/stable-diffusion-webui-ux-arch/models/Lora/SmoothMix3.safetensors: FileNotFoundError
Traceback (most recent call last):
  File "/home/dev/work/media/stablediffusion/stable-diffusion-webui-ux-arch/extensions-builtin/Lora/network.py", line 38, in __init__
    self.metadata = cache.cached_data_for_file('safetensors-metadata', "lora/" + self.name, filename, read_metadata)
  File "/home/dev/work/media/stablediffusion/stable-diffusion-webui-ux-arch/modules/cache.py", line 105, in cached_data_for_file
    ondisk_mtime = os.path.getmtime(filename)
  File "/home/dev/.local/share/uv/python/cpython-3.10.16-linux-x86_64-gnu/lib/python3.10/genericpath.py", line 55, in getmtime
    return os.stat(filename).st_mtime
FileNotFoundError: [Errno 2] No such file or directory: '/home/dev/work/media/stablediffusion/stable-diffusion-webui-ux-arch/models/Lora/SmoothMix3.safetensors'

reading lora /home/dev/work/media/stablediffusion/stable-diffusion-webui-ux-arch/models/Lora/SmoothMix_Illustrious_v2.safetensors: FileNotFoundError
Traceback (most recent call last):
  File "/home/dev/work/media/stablediffusion/stable-diffusion-webui-ux-arch/extensions-builtin/Lora/network.py", line 38, in __init__
    self.metadata = cache.cached_data_for_file('safetensors-metadata', "lora/" + self.name, filename, read_metadata)
  File "/home/dev/work/media/stablediffusion/stable-diffusion-webui-ux-arch/modules/cache.py", line 105, in cached_data_for_file
    ondisk_mtime = os.path.getmtime(filename)
  File "/home/dev/.local/share/uv/python/cpython-3.10.16-linux-x86_64-gnu/lib/python3.10/genericpath.py", line 55, in getmtime
    return os.stat(filename).st_mtime
FileNotFoundError: [Errno 2] No such file or directory: '/home/dev/work/media/stablediffusion/stable-diffusion-webui-ux-arch/models/Lora/SmoothMix_Illustrious_v2.safetensors'

reading lora /home/dev/work/media/stablediffusion/stable-diffusion-webui-ux-arch/models/Lora/Soft3D_IXL.safetensors: FileNotFoundError
Traceback (most recent call last):
  File "/home/dev/work/media/stablediffusion/stable-diffusion-webui-ux-arch/extensions-builtin/Lora/network.py", line 38, in __init__
    self.metadata = cache.cached_data_for_file('safetensors-metadata', "lora/" + self.name, filename, read_metadata)
  File "/home/dev/work/media/stablediffusion/stable-diffusion-webui-ux-arch/modules/cache.py", line 105, in cached_data_for_file
    ondisk_mtime = os.path.getmtime(filename)
  File "/home/dev/.local/share/uv/python/cpython-3.10.16-linux-x86_64-gnu/lib/python3.10/genericpath.py", line 55, in getmtime
    return os.stat(filename).st_mtime
FileNotFoundError: [Errno 2] No such file or directory: '/home/dev/work/media/stablediffusion/stable-diffusion-webui-ux-arch/models/Lora/Soft3D_IXL.safetensors'

reading lora /home/dev/work/media/stablediffusion/stable-diffusion-webui-ux-arch/models/Lora/splashpasto-illustrious.safetensors: FileNotFoundError
Traceback (most recent call last):
  File "/home/dev/work/media/stablediffusion/stable-diffusion-webui-ux-arch/extensions-builtin/Lora/network.py", line 38, in __init__
    self.metadata = cache.cached_data_for_file('safetensors-metadata', "lora/" + self.name, filename, read_metadata)
  File "/home/dev/work/media/stablediffusion/stable-diffusion-webui-ux-arch/modules/cache.py", line 105, in cached_data_for_file
    ondisk_mtime = os.path.getmtime(filename)
  File "/home/dev/.local/share/uv/python/cpython-3.10.16-linux-x86_64-gnu/lib/python3.10/genericpath.py", line 55, in getmtime
    return os.stat(filename).st_mtime
FileNotFoundError: [Errno 2] No such file or directory: '/home/dev/work/media/stablediffusion/stable-diffusion-webui-ux-arch/models/Lora/splashpasto-illustrious.safetensors'

reading lora /home/dev/work/media/stablediffusion/stable-diffusion-webui-ux-arch/models/Lora/SquidTalkStyle_IXL.safetensors: FileNotFoundError
Traceback (most recent call last):
  File "/home/dev/work/media/stablediffusion/stable-diffusion-webui-ux-arch/extensions-builtin/Lora/network.py", line 38, in __init__
    self.metadata = cache.cached_data_for_file('safetensors-metadata', "lora/" + self.name, filename, read_metadata)
  File "/home/dev/work/media/stablediffusion/stable-diffusion-webui-ux-arch/modules/cache.py", line 105, in cached_data_for_file
    ondisk_mtime = os.path.getmtime(filename)
  File "/home/dev/.local/share/uv/python/cpython-3.10.16-linux-x86_64-gnu/lib/python3.10/genericpath.py", line 55, in getmtime
    return os.stat(filename).st_mtime
FileNotFoundError: [Errno 2] No such file or directory: '/home/dev/work/media/stablediffusion/stable-diffusion-webui-ux-arch/models/Lora/SquidTalkStyle_IXL.safetensors'

reading lora /home/dev/work/media/stablediffusion/stable-diffusion-webui-ux-arch/models/Lora/StainedGlassAndMetal04_CE_SDXL_64x32x220x2bOT.safetensors: FileNotFoundError
Traceback (most recent call last):
  File "/home/dev/work/media/stablediffusion/stable-diffusion-webui-ux-arch/extensions-builtin/Lora/network.py", line 38, in __init__
    self.metadata = cache.cached_data_for_file('safetensors-metadata', "lora/" + self.name, filename, read_metadata)
  File "/home/dev/work/media/stablediffusion/stable-diffusion-webui-ux-arch/modules/cache.py", line 105, in cached_data_for_file
    ondisk_mtime = os.path.getmtime(filename)
  File "/home/dev/.local/share/uv/python/cpython-3.10.16-linux-x86_64-gnu/lib/python3.10/genericpath.py", line 55, in getmtime
    return os.stat(filename).st_mtime
FileNotFoundError: [Errno 2] No such file or directory: '/home/dev/work/media/stablediffusion/stable-diffusion-webui-ux-arch/models/Lora/StainedGlassAndMetal04_CE_SDXL_64x32x220x2bOT.safetensors'

reading lora /home/dev/work/media/stablediffusion/stable-diffusion-webui-ux-arch/models/Lora/SteepSlopeTiddies_v1-2_PONY.safetensors: FileNotFoundError
Traceback (most recent call last):
  File "/home/dev/work/media/stablediffusion/stable-diffusion-webui-ux-arch/extensions-builtin/Lora/network.py", line 38, in __init__
    self.metadata = cache.cached_data_for_file('safetensors-metadata', "lora/" + self.name, filename, read_metadata)
  File "/home/dev/work/media/stablediffusion/stable-diffusion-webui-ux-arch/modules/cache.py", line 105, in cached_data_for_file
    ondisk_mtime = os.path.getmtime(filename)
  File "/home/dev/.local/share/uv/python/cpython-3.10.16-linux-x86_64-gnu/lib/python3.10/genericpath.py", line 55, in getmtime
    return os.stat(filename).st_mtime
FileNotFoundError: [Errno 2] No such file or directory: '/home/dev/work/media/stablediffusion/stable-diffusion-webui-ux-arch/models/Lora/SteepSlopeTiddies_v1-2_PONY.safetensors'

reading lora /home/dev/work/media/stablediffusion/stable-diffusion-webui-ux-arch/models/Lora/SumTim.safetensors: FileNotFoundError
Traceback (most recent call last):
  File "/home/dev/work/media/stablediffusion/stable-diffusion-webui-ux-arch/extensions-builtin/Lora/network.py", line 38, in __init__
    self.metadata = cache.cached_data_for_file('safetensors-metadata', "lora/" + self.name, filename, read_metadata)
  File "/home/dev/work/media/stablediffusion/stable-diffusion-webui-ux-arch/modules/cache.py", line 105, in cached_data_for_file
    ondisk_mtime = os.path.getmtime(filename)
  File "/home/dev/.local/share/uv/python/cpython-3.10.16-linux-x86_64-gnu/lib/python3.10/genericpath.py", line 55, in getmtime
    return os.stat(filename).st_mtime
FileNotFoundError: [Errno 2] No such file or directory: '/home/dev/work/media/stablediffusion/stable-diffusion-webui-ux-arch/models/Lora/SumTim.safetensors'

reading lora /home/dev/work/media/stablediffusion/stable-diffusion-webui-ux-arch/models/Lora/table_humping_v0.2-pony.safetensors: FileNotFoundError
Traceback (most recent call last):
  File "/home/dev/work/media/stablediffusion/stable-diffusion-webui-ux-arch/extensions-builtin/Lora/network.py", line 38, in __init__
    self.metadata = cache.cached_data_for_file('safetensors-metadata', "lora/" + self.name, filename, read_metadata)
  File "/home/dev/work/media/stablediffusion/stable-diffusion-webui-ux-arch/modules/cache.py", line 105, in cached_data_for_file
    ondisk_mtime = os.path.getmtime(filename)
  File "/home/dev/.local/share/uv/python/cpython-3.10.16-linux-x86_64-gnu/lib/python3.10/genericpath.py", line 55, in getmtime
    return os.stat(filename).st_mtime
FileNotFoundError: [Errno 2] No such file or directory: '/home/dev/work/media/stablediffusion/stable-diffusion-webui-ux-arch/models/Lora/table_humping_v0.2-pony.safetensors'

reading lora /home/dev/work/media/stablediffusion/stable-diffusion-webui-ux-arch/models/Lora/Temp_Test.safetensors: FileNotFoundError
Traceback (most recent call last):
  File "/home/dev/work/media/stablediffusion/stable-diffusion-webui-ux-arch/extensions-builtin/Lora/network.py", line 38, in __init__
    self.metadata = cache.cached_data_for_file('safetensors-metadata', "lora/" + self.name, filename, read_metadata)
  File "/home/dev/work/media/stablediffusion/stable-diffusion-webui-ux-arch/modules/cache.py", line 105, in cached_data_for_file
    ondisk_mtime = os.path.getmtime(filename)
  File "/home/dev/.local/share/uv/python/cpython-3.10.16-linux-x86_64-gnu/lib/python3.10/genericpath.py", line 55, in getmtime
    return os.stat(filename).st_mtime
FileNotFoundError: [Errno 2] No such file or directory: '/home/dev/work/media/stablediffusion/stable-diffusion-webui-ux-arch/models/Lora/Temp_Test.safetensors'

reading lora /home/dev/work/media/stablediffusion/stable-diffusion-webui-ux-arch/models/Lora/The_lingerie_design_class.safetensors: FileNotFoundError
Traceback (most recent call last):
  File "/home/dev/work/media/stablediffusion/stable-diffusion-webui-ux-arch/extensions-builtin/Lora/network.py", line 38, in __init__
    self.metadata = cache.cached_data_for_file('safetensors-metadata', "lora/" + self.name, filename, read_metadata)
  File "/home/dev/work/media/stablediffusion/stable-diffusion-webui-ux-arch/modules/cache.py", line 105, in cached_data_for_file
    ondisk_mtime = os.path.getmtime(filename)
  File "/home/dev/.local/share/uv/python/cpython-3.10.16-linux-x86_64-gnu/lib/python3.10/genericpath.py", line 55, in getmtime
    return os.stat(filename).st_mtime
FileNotFoundError: [Errno 2] No such file or directory: '/home/dev/work/media/stablediffusion/stable-diffusion-webui-ux-arch/models/Lora/The_lingerie_design_class.safetensors'

reading lora /home/dev/work/media/stablediffusion/stable-diffusion-webui-ux-arch/models/Lora/The_Look_Illustrious.safetensors: FileNotFoundError
Traceback (most recent call last):
  File "/home/dev/work/media/stablediffusion/stable-diffusion-webui-ux-arch/extensions-builtin/Lora/network.py", line 38, in __init__
    self.metadata = cache.cached_data_for_file('safetensors-metadata', "lora/" + self.name, filename, read_metadata)
  File "/home/dev/work/media/stablediffusion/stable-diffusion-webui-ux-arch/modules/cache.py", line 105, in cached_data_for_file
    ondisk_mtime = os.path.getmtime(filename)
  File "/home/dev/.local/share/uv/python/cpython-3.10.16-linux-x86_64-gnu/lib/python3.10/genericpath.py", line 55, in getmtime
    return os.stat(filename).st_mtime
FileNotFoundError: [Errno 2] No such file or directory: '/home/dev/work/media/stablediffusion/stable-diffusion-webui-ux-arch/models/Lora/The_Look_Illustrious.safetensors'

reading lora /home/dev/work/media/stablediffusion/stable-diffusion-webui-ux-arch/models/Lora/Tiptoes-SDXL.safetensors: FileNotFoundError
Traceback (most recent call last):
  File "/home/dev/work/media/stablediffusion/stable-diffusion-webui-ux-arch/extensions-builtin/Lora/network.py", line 38, in __init__
    self.metadata = cache.cached_data_for_file('safetensors-metadata', "lora/" + self.name, filename, read_metadata)
  File "/home/dev/work/media/stablediffusion/stable-diffusion-webui-ux-arch/modules/cache.py", line 105, in cached_data_for_file
    ondisk_mtime = os.path.getmtime(filename)
  File "/home/dev/.local/share/uv/python/cpython-3.10.16-linux-x86_64-gnu/lib/python3.10/genericpath.py", line 55, in getmtime
    return os.stat(filename).st_mtime
FileNotFoundError: [Errno 2] No such file or directory: '/home/dev/work/media/stablediffusion/stable-diffusion-webui-ux-arch/models/Lora/Tiptoes-SDXL.safetensors'

reading lora /home/dev/work/media/stablediffusion/stable-diffusion-webui-ux-arch/models/Lora/Ultimate-Cunnilingus-XL-V1.safetensors: FileNotFoundError
Traceback (most recent call last):
  File "/home/dev/work/media/stablediffusion/stable-diffusion-webui-ux-arch/extensions-builtin/Lora/network.py", line 38, in __init__
    self.metadata = cache.cached_data_for_file('safetensors-metadata', "lora/" + self.name, filename, read_metadata)
  File "/home/dev/work/media/stablediffusion/stable-diffusion-webui-ux-arch/modules/cache.py", line 105, in cached_data_for_file
    ondisk_mtime = os.path.getmtime(filename)
  File "/home/dev/.local/share/uv/python/cpython-3.10.16-linux-x86_64-gnu/lib/python3.10/genericpath.py", line 55, in getmtime
    return os.stat(filename).st_mtime
FileNotFoundError: [Errno 2] No such file or directory: '/home/dev/work/media/stablediffusion/stable-diffusion-webui-ux-arch/models/Lora/Ultimate-Cunnilingus-XL-V1.safetensors'

reading lora /home/dev/work/media/stablediffusion/stable-diffusion-webui-ux-arch/models/Lora/Veronica CaleilluLoRA.safetensors: FileNotFoundError
Traceback (most recent call last):
  File "/home/dev/work/media/stablediffusion/stable-diffusion-webui-ux-arch/extensions-builtin/Lora/network.py", line 38, in __init__
    self.metadata = cache.cached_data_for_file('safetensors-metadata', "lora/" + self.name, filename, read_metadata)
  File "/home/dev/work/media/stablediffusion/stable-diffusion-webui-ux-arch/modules/cache.py", line 105, in cached_data_for_file
    ondisk_mtime = os.path.getmtime(filename)
  File "/home/dev/.local/share/uv/python/cpython-3.10.16-linux-x86_64-gnu/lib/python3.10/genericpath.py", line 55, in getmtime
    return os.stat(filename).st_mtime
FileNotFoundError: [Errno 2] No such file or directory: '/home/dev/work/media/stablediffusion/stable-diffusion-webui-ux-arch/models/Lora/Veronica CaleilluLoRA.safetensors'

reading lora /home/dev/work/media/stablediffusion/stable-diffusion-webui-ux-arch/models/Lora/Versatile_Realism_Illustrious_XL.safetensors: FileNotFoundError
Traceback (most recent call last):
  File "/home/dev/work/media/stablediffusion/stable-diffusion-webui-ux-arch/extensions-builtin/Lora/network.py", line 38, in __init__
    self.metadata = cache.cached_data_for_file('safetensors-metadata', "lora/" + self.name, filename, read_metadata)
  File "/home/dev/work/media/stablediffusion/stable-diffusion-webui-ux-arch/modules/cache.py", line 105, in cached_data_for_file
    ondisk_mtime = os.path.getmtime(filename)
  File "/home/dev/.local/share/uv/python/cpython-3.10.16-linux-x86_64-gnu/lib/python3.10/genericpath.py", line 55, in getmtime
    return os.stat(filename).st_mtime
FileNotFoundError: [Errno 2] No such file or directory: '/home/dev/work/media/stablediffusion/stable-diffusion-webui-ux-arch/models/Lora/Versatile_Realism_Illustrious_XL.safetensors'

reading lora /home/dev/work/media/stablediffusion/stable-diffusion-webui-ux-arch/models/Lora/Vina_Storm(V1na_St0rm).safetensors: FileNotFoundError
Traceback (most recent call last):
  File "/home/dev/work/media/stablediffusion/stable-diffusion-webui-ux-arch/extensions-builtin/Lora/network.py", line 38, in __init__
    self.metadata = cache.cached_data_for_file('safetensors-metadata', "lora/" + self.name, filename, read_metadata)
  File "/home/dev/work/media/stablediffusion/stable-diffusion-webui-ux-arch/modules/cache.py", line 105, in cached_data_for_file
    ondisk_mtime = os.path.getmtime(filename)
  File "/home/dev/.local/share/uv/python/cpython-3.10.16-linux-x86_64-gnu/lib/python3.10/genericpath.py", line 55, in getmtime
    return os.stat(filename).st_mtime
FileNotFoundError: [Errno 2] No such file or directory: '/home/dev/work/media/stablediffusion/stable-diffusion-webui-ux-arch/models/Lora/Vina_Storm(V1na_St0rm).safetensors'

reading lora /home/dev/work/media/stablediffusion/stable-diffusion-webui-ux-arch/models/Lora/VintageDrawing01-00_CE_SDXL_128OT.safetensors: FileNotFoundError
Traceback (most recent call last):
  File "/home/dev/work/media/stablediffusion/stable-diffusion-webui-ux-arch/extensions-builtin/Lora/network.py", line 38, in __init__
    self.metadata = cache.cached_data_for_file('safetensors-metadata', "lora/" + self.name, filename, read_metadata)
  File "/home/dev/work/media/stablediffusion/stable-diffusion-webui-ux-arch/modules/cache.py", line 105, in cached_data_for_file
    ondisk_mtime = os.path.getmtime(filename)
  File "/home/dev/.local/share/uv/python/cpython-3.10.16-linux-x86_64-gnu/lib/python3.10/genericpath.py", line 55, in getmtime
    return os.stat(filename).st_mtime
FileNotFoundError: [Errno 2] No such file or directory: '/home/dev/work/media/stablediffusion/stable-diffusion-webui-ux-arch/models/Lora/VintageDrawing01-00_CE_SDXL_128OT.safetensors'

reading lora /home/dev/work/media/stablediffusion/stable-diffusion-webui-ux-arch/models/Lora/vixon-1dkXLP.safetensors: FileNotFoundError
Traceback (most recent call last):
  File "/home/dev/work/media/stablediffusion/stable-diffusion-webui-ux-arch/extensions-builtin/Lora/network.py", line 38, in __init__
    self.metadata = cache.cached_data_for_file('safetensors-metadata', "lora/" + self.name, filename, read_metadata)
  File "/home/dev/work/media/stablediffusion/stable-diffusion-webui-ux-arch/modules/cache.py", line 105, in cached_data_for_file
    ondisk_mtime = os.path.getmtime(filename)
  File "/home/dev/.local/share/uv/python/cpython-3.10.16-linux-x86_64-gnu/lib/python3.10/genericpath.py", line 55, in getmtime
    return os.stat(filename).st_mtime
FileNotFoundError: [Errno 2] No such file or directory: '/home/dev/work/media/stablediffusion/stable-diffusion-webui-ux-arch/models/Lora/vixon-1dkXLP.safetensors'

reading lora /home/dev/work/media/stablediffusion/stable-diffusion-webui-ux-arch/models/Lora/vixon-01lp41ntXLP.safetensors: FileNotFoundError
Traceback (most recent call last):
  File "/home/dev/work/media/stablediffusion/stable-diffusion-webui-ux-arch/extensions-builtin/Lora/network.py", line 38, in __init__
    self.metadata = cache.cached_data_for_file('safetensors-metadata', "lora/" + self.name, filename, read_metadata)
  File "/home/dev/work/media/stablediffusion/stable-diffusion-webui-ux-arch/modules/cache.py", line 105, in cached_data_for_file
    ondisk_mtime = os.path.getmtime(filename)
  File "/home/dev/.local/share/uv/python/cpython-3.10.16-linux-x86_64-gnu/lib/python3.10/genericpath.py", line 55, in getmtime
    return os.stat(filename).st_mtime
FileNotFoundError: [Errno 2] No such file or directory: '/home/dev/work/media/stablediffusion/stable-diffusion-webui-ux-arch/models/Lora/vixon-01lp41ntXLP.safetensors'

reading lora /home/dev/work/media/stablediffusion/stable-diffusion-webui-ux-arch/models/Lora/vixon-01lXLP.safetensors: FileNotFoundError
Traceback (most recent call last):
  File "/home/dev/work/media/stablediffusion/stable-diffusion-webui-ux-arch/extensions-builtin/Lora/network.py", line 38, in __init__
    self.metadata = cache.cached_data_for_file('safetensors-metadata', "lora/" + self.name, filename, read_metadata)
  File "/home/dev/work/media/stablediffusion/stable-diffusion-webui-ux-arch/modules/cache.py", line 105, in cached_data_for_file
    ondisk_mtime = os.path.getmtime(filename)
  File "/home/dev/.local/share/uv/python/cpython-3.10.16-linux-x86_64-gnu/lib/python3.10/genericpath.py", line 55, in getmtime
    return os.stat(filename).st_mtime
FileNotFoundError: [Errno 2] No such file or directory: '/home/dev/work/media/stablediffusion/stable-diffusion-webui-ux-arch/models/Lora/vixon-01lXLP.safetensors'

reading lora /home/dev/work/media/stablediffusion/stable-diffusion-webui-ux-arch/models/Lora/vixon-1ly4XLP.safetensors: FileNotFoundError
Traceback (most recent call last):
  File "/home/dev/work/media/stablediffusion/stable-diffusion-webui-ux-arch/extensions-builtin/Lora/network.py", line 38, in __init__
    self.metadata = cache.cached_data_for_file('safetensors-metadata', "lora/" + self.name, filename, read_metadata)
  File "/home/dev/work/media/stablediffusion/stable-diffusion-webui-ux-arch/modules/cache.py", line 105, in cached_data_for_file
    ondisk_mtime = os.path.getmtime(filename)
  File "/home/dev/.local/share/uv/python/cpython-3.10.16-linux-x86_64-gnu/lib/python3.10/genericpath.py", line 55, in getmtime
    return os.stat(filename).st_mtime
FileNotFoundError: [Errno 2] No such file or directory: '/home/dev/work/media/stablediffusion/stable-diffusion-webui-ux-arch/models/Lora/vixon-1ly4XLP.safetensors'

reading lora /home/dev/work/media/stablediffusion/stable-diffusion-webui-ux-arch/models/Lora/vixon-1nksk3tchXLP2.safetensors: FileNotFoundError
Traceback (most recent call last):
  File "/home/dev/work/media/stablediffusion/stable-diffusion-webui-ux-arch/extensions-builtin/Lora/network.py", line 38, in __init__
    self.metadata = cache.cached_data_for_file('safetensors-metadata', "lora/" + self.name, filename, read_metadata)
  File "/home/dev/work/media/stablediffusion/stable-diffusion-webui-ux-arch/modules/cache.py", line 105, in cached_data_for_file
    ondisk_mtime = os.path.getmtime(filename)
  File "/home/dev/.local/share/uv/python/cpython-3.10.16-linux-x86_64-gnu/lib/python3.10/genericpath.py", line 55, in getmtime
    return os.stat(filename).st_mtime
FileNotFoundError: [Errno 2] No such file or directory: '/home/dev/work/media/stablediffusion/stable-diffusion-webui-ux-arch/models/Lora/vixon-1nksk3tchXLP2.safetensors'

reading lora /home/dev/work/media/stablediffusion/stable-diffusion-webui-ux-arch/models/Lora/vixon-1r1d3sc3nc3XLP.safetensors: FileNotFoundError
Traceback (most recent call last):
  File "/home/dev/work/media/stablediffusion/stable-diffusion-webui-ux-arch/extensions-builtin/Lora/network.py", line 38, in __init__
    self.metadata = cache.cached_data_for_file('safetensors-metadata', "lora/" + self.name, filename, read_metadata)
  File "/home/dev/work/media/stablediffusion/stable-diffusion-webui-ux-arch/modules/cache.py", line 105, in cached_data_for_file
    ondisk_mtime = os.path.getmtime(filename)
  File "/home/dev/.local/share/uv/python/cpython-3.10.16-linux-x86_64-gnu/lib/python3.10/genericpath.py", line 55, in getmtime
    return os.stat(filename).st_mtime
FileNotFoundError: [Errno 2] No such file or directory: '/home/dev/work/media/stablediffusion/stable-diffusion-webui-ux-arch/models/Lora/vixon-1r1d3sc3nc3XLP.safetensors'

reading lora /home/dev/work/media/stablediffusion/stable-diffusion-webui-ux-arch/models/Lora/vixon-1vyXLP.safetensors: FileNotFoundError
Traceback (most recent call last):
  File "/home/dev/work/media/stablediffusion/stable-diffusion-webui-ux-arch/extensions-builtin/Lora/network.py", line 38, in __init__
    self.metadata = cache.cached_data_for_file('safetensors-metadata', "lora/" + self.name, filename, read_metadata)
  File "/home/dev/work/media/stablediffusion/stable-diffusion-webui-ux-arch/modules/cache.py", line 105, in cached_data_for_file
    ondisk_mtime = os.path.getmtime(filename)
  File "/home/dev/.local/share/uv/python/cpython-3.10.16-linux-x86_64-gnu/lib/python3.10/genericpath.py", line 55, in getmtime
    return os.stat(filename).st_mtime
FileNotFoundError: [Errno 2] No such file or directory: '/home/dev/work/media/stablediffusion/stable-diffusion-webui-ux-arch/models/Lora/vixon-1vyXLP.safetensors'

reading lora /home/dev/work/media/stablediffusion/stable-diffusion-webui-ux-arch/models/Lora/vixon-3m0t3XLP.safetensors: FileNotFoundError
Traceback (most recent call last):
  File "/home/dev/work/media/stablediffusion/stable-diffusion-webui-ux-arch/extensions-builtin/Lora/network.py", line 38, in __init__
    self.metadata = cache.cached_data_for_file('safetensors-metadata', "lora/" + self.name, filename, read_metadata)
  File "/home/dev/work/media/stablediffusion/stable-diffusion-webui-ux-arch/modules/cache.py", line 105, in cached_data_for_file
    ondisk_mtime = os.path.getmtime(filename)
  File "/home/dev/.local/share/uv/python/cpython-3.10.16-linux-x86_64-gnu/lib/python3.10/genericpath.py", line 55, in getmtime
    return os.stat(filename).st_mtime
FileNotFoundError: [Errno 2] No such file or directory: '/home/dev/work/media/stablediffusion/stable-diffusion-webui-ux-arch/models/Lora/vixon-3m0t3XLP.safetensors'

reading lora /home/dev/work/media/stablediffusion/stable-diffusion-webui-ux-arch/models/Lora/vixon-3m1lyc4rrXLP.safetensors: FileNotFoundError
Traceback (most recent call last):
  File "/home/dev/work/media/stablediffusion/stable-diffusion-webui-ux-arch/extensions-builtin/Lora/network.py", line 38, in __init__
    self.metadata = cache.cached_data_for_file('safetensors-metadata', "lora/" + self.name, filename, read_metadata)
  File "/home/dev/work/media/stablediffusion/stable-diffusion-webui-ux-arch/modules/cache.py", line 105, in cached_data_for_file
    ondisk_mtime = os.path.getmtime(filename)
  File "/home/dev/.local/share/uv/python/cpython-3.10.16-linux-x86_64-gnu/lib/python3.10/genericpath.py", line 55, in getmtime
    return os.stat(filename).st_mtime
FileNotFoundError: [Errno 2] No such file or directory: '/home/dev/work/media/stablediffusion/stable-diffusion-webui-ux-arch/models/Lora/vixon-3m1lyc4rrXLP.safetensors'

reading lora /home/dev/work/media/stablediffusion/stable-diffusion-webui-ux-arch/models/Lora/vixon-3mpr3ss3XLP.safetensors: FileNotFoundError
Traceback (most recent call last):
  File "/home/dev/work/media/stablediffusion/stable-diffusion-webui-ux-arch/extensions-builtin/Lora/network.py", line 38, in __init__
    self.metadata = cache.cached_data_for_file('safetensors-metadata', "lora/" + self.name, filename, read_metadata)
  File "/home/dev/work/media/stablediffusion/stable-diffusion-webui-ux-arch/modules/cache.py", line 105, in cached_data_for_file
    ondisk_mtime = os.path.getmtime(filename)
  File "/home/dev/.local/share/uv/python/cpython-3.10.16-linux-x86_64-gnu/lib/python3.10/genericpath.py", line 55, in getmtime
    return os.stat(filename).st_mtime
FileNotFoundError: [Errno 2] No such file or directory: '/home/dev/work/media/stablediffusion/stable-diffusion-webui-ux-arch/models/Lora/vixon-3mpr3ss3XLP.safetensors'

reading lora /home/dev/work/media/stablediffusion/stable-diffusion-webui-ux-arch/models/Lora/vixon-3th3r34lXLP.safetensors: FileNotFoundError
Traceback (most recent call last):
  File "/home/dev/work/media/stablediffusion/stable-diffusion-webui-ux-arch/extensions-builtin/Lora/network.py", line 38, in __init__
    self.metadata = cache.cached_data_for_file('safetensors-metadata', "lora/" + self.name, filename, read_metadata)
  File "/home/dev/work/media/stablediffusion/stable-diffusion-webui-ux-arch/modules/cache.py", line 105, in cached_data_for_file
    ondisk_mtime = os.path.getmtime(filename)
  File "/home/dev/.local/share/uv/python/cpython-3.10.16-linux-x86_64-gnu/lib/python3.10/genericpath.py", line 55, in getmtime
    return os.stat(filename).st_mtime
FileNotFoundError: [Errno 2] No such file or directory: '/home/dev/work/media/stablediffusion/stable-diffusion-webui-ux-arch/models/Lora/vixon-3th3r34lXLP.safetensors'

reading lora /home/dev/work/media/stablediffusion/stable-diffusion-webui-ux-arch/models/Lora/vixon-3v0lut10nXLP.safetensors: FileNotFoundError
Traceback (most recent call last):
  File "/home/dev/work/media/stablediffusion/stable-diffusion-webui-ux-arch/extensions-builtin/Lora/network.py", line 38, in __init__
    self.metadata = cache.cached_data_for_file('safetensors-metadata', "lora/" + self.name, filename, read_metadata)
  File "/home/dev/work/media/stablediffusion/stable-diffusion-webui-ux-arch/modules/cache.py", line 105, in cached_data_for_file
    ondisk_mtime = os.path.getmtime(filename)
  File "/home/dev/.local/share/uv/python/cpython-3.10.16-linux-x86_64-gnu/lib/python3.10/genericpath.py", line 55, in getmtime
    return os.stat(filename).st_mtime
FileNotFoundError: [Errno 2] No such file or directory: '/home/dev/work/media/stablediffusion/stable-diffusion-webui-ux-arch/models/Lora/vixon-3v0lut10nXLP.safetensors'

reading lora /home/dev/work/media/stablediffusion/stable-diffusion-webui-ux-arch/models/Lora/vixon-04kXLP.safetensors: FileNotFoundError
Traceback (most recent call last):
  File "/home/dev/work/media/stablediffusion/stable-diffusion-webui-ux-arch/extensions-builtin/Lora/network.py", line 38, in __init__
    self.metadata = cache.cached_data_for_file('safetensors-metadata', "lora/" + self.name, filename, read_metadata)
  File "/home/dev/work/media/stablediffusion/stable-diffusion-webui-ux-arch/modules/cache.py", line 105, in cached_data_for_file
    ondisk_mtime = os.path.getmtime(filename)
  File "/home/dev/.local/share/uv/python/cpython-3.10.16-linux-x86_64-gnu/lib/python3.10/genericpath.py", line 55, in getmtime
    return os.stat(filename).st_mtime
FileNotFoundError: [Errno 2] No such file or directory: '/home/dev/work/media/stablediffusion/stable-diffusion-webui-ux-arch/models/Lora/vixon-04kXLP.safetensors'

reading lora /home/dev/work/media/stablediffusion/stable-diffusion-webui-ux-arch/models/Lora/vixon-4ng3l1cXLP.safetensors: FileNotFoundError
Traceback (most recent call last):
  File "/home/dev/work/media/stablediffusion/stable-diffusion-webui-ux-arch/extensions-builtin/Lora/network.py", line 38, in __init__
    self.metadata = cache.cached_data_for_file('safetensors-metadata', "lora/" + self.name, filename, read_metadata)
  File "/home/dev/work/media/stablediffusion/stable-diffusion-webui-ux-arch/modules/cache.py", line 105, in cached_data_for_file
    ondisk_mtime = os.path.getmtime(filename)
  File "/home/dev/.local/share/uv/python/cpython-3.10.16-linux-x86_64-gnu/lib/python3.10/genericpath.py", line 55, in getmtime
    return os.stat(filename).st_mtime
FileNotFoundError: [Errno 2] No such file or directory: '/home/dev/work/media/stablediffusion/stable-diffusion-webui-ux-arch/models/Lora/vixon-4ng3l1cXLP.safetensors'

reading lora /home/dev/work/media/stablediffusion/stable-diffusion-webui-ux-arch/models/Lora/vixon-4rc4n3XLP.safetensors: FileNotFoundError
Traceback (most recent call last):
  File "/home/dev/work/media/stablediffusion/stable-diffusion-webui-ux-arch/extensions-builtin/Lora/network.py", line 38, in __init__
    self.metadata = cache.cached_data_for_file('safetensors-metadata', "lora/" + self.name, filename, read_metadata)
  File "/home/dev/work/media/stablediffusion/stable-diffusion-webui-ux-arch/modules/cache.py", line 105, in cached_data_for_file
    ondisk_mtime = os.path.getmtime(filename)
  File "/home/dev/.local/share/uv/python/cpython-3.10.16-linux-x86_64-gnu/lib/python3.10/genericpath.py", line 55, in getmtime
    return os.stat(filename).st_mtime
FileNotFoundError: [Errno 2] No such file or directory: '/home/dev/work/media/stablediffusion/stable-diffusion-webui-ux-arch/models/Lora/vixon-4rc4n3XLP.safetensors'

reading lora /home/dev/work/media/stablediffusion/stable-diffusion-webui-ux-arch/models/Lora/vixon-43stl1ght1ngXLP2.safetensors: FileNotFoundError
Traceback (most recent call last):
  File "/home/dev/work/media/stablediffusion/stable-diffusion-webui-ux-arch/extensions-builtin/Lora/network.py", line 38, in __init__
    self.metadata = cache.cached_data_for_file('safetensors-metadata', "lora/" + self.name, filename, read_metadata)
  File "/home/dev/work/media/stablediffusion/stable-diffusion-webui-ux-arch/modules/cache.py", line 105, in cached_data_for_file
    ondisk_mtime = os.path.getmtime(filename)
  File "/home/dev/.local/share/uv/python/cpython-3.10.16-linux-x86_64-gnu/lib/python3.10/genericpath.py", line 55, in getmtime
    return os.stat(filename).st_mtime
FileNotFoundError: [Errno 2] No such file or directory: '/home/dev/work/media/stablediffusion/stable-diffusion-webui-ux-arch/models/Lora/vixon-43stl1ght1ngXLP2.safetensors'

reading lora /home/dev/work/media/stablediffusion/stable-diffusion-webui-ux-arch/models/Lora/vixon-90s4n1m3XLP.safetensors: FileNotFoundError
Traceback (most recent call last):
  File "/home/dev/work/media/stablediffusion/stable-diffusion-webui-ux-arch/extensions-builtin/Lora/network.py", line 38, in __init__
    self.metadata = cache.cached_data_for_file('safetensors-metadata', "lora/" + self.name, filename, read_metadata)
  File "/home/dev/work/media/stablediffusion/stable-diffusion-webui-ux-arch/modules/cache.py", line 105, in cached_data_for_file
    ondisk_mtime = os.path.getmtime(filename)
  File "/home/dev/.local/share/uv/python/cpython-3.10.16-linux-x86_64-gnu/lib/python3.10/genericpath.py", line 55, in getmtime
    return os.stat(filename).st_mtime
FileNotFoundError: [Errno 2] No such file or directory: '/home/dev/work/media/stablediffusion/stable-diffusion-webui-ux-arch/models/Lora/vixon-90s4n1m3XLP.safetensors'

reading lora /home/dev/work/media/stablediffusion/stable-diffusion-webui-ux-arch/models/Lora/vixon-401sXLP.safetensors: FileNotFoundError
Traceback (most recent call last):
  File "/home/dev/work/media/stablediffusion/stable-diffusion-webui-ux-arch/extensions-builtin/Lora/network.py", line 38, in __init__
    self.metadata = cache.cached_data_for_file('safetensors-metadata', "lora/" + self.name, filename, read_metadata)
  File "/home/dev/work/media/stablediffusion/stable-diffusion-webui-ux-arch/modules/cache.py", line 105, in cached_data_for_file
    ondisk_mtime = os.path.getmtime(filename)
  File "/home/dev/.local/share/uv/python/cpython-3.10.16-linux-x86_64-gnu/lib/python3.10/genericpath.py", line 55, in getmtime
    return os.stat(filename).st_mtime
FileNotFoundError: [Errno 2] No such file or directory: '/home/dev/work/media/stablediffusion/stable-diffusion-webui-ux-arch/models/Lora/vixon-401sXLP.safetensors'

reading lora /home/dev/work/media/stablediffusion/stable-diffusion-webui-ux-arch/models/Lora/vixon-ahuertaXLP3.safetensors: FileNotFoundError
Traceback (most recent call last):
  File "/home/dev/work/media/stablediffusion/stable-diffusion-webui-ux-arch/extensions-builtin/Lora/network.py", line 38, in __init__
    self.metadata = cache.cached_data_for_file('safetensors-metadata', "lora/" + self.name, filename, read_metadata)
  File "/home/dev/work/media/stablediffusion/stable-diffusion-webui-ux-arch/modules/cache.py", line 105, in cached_data_for_file
    ondisk_mtime = os.path.getmtime(filename)
  File "/home/dev/.local/share/uv/python/cpython-3.10.16-linux-x86_64-gnu/lib/python3.10/genericpath.py", line 55, in getmtime
    return os.stat(filename).st_mtime
FileNotFoundError: [Errno 2] No such file or directory: '/home/dev/work/media/stablediffusion/stable-diffusion-webui-ux-arch/models/Lora/vixon-ahuertaXLP3.safetensors'

reading lora /home/dev/work/media/stablediffusion/stable-diffusion-webui-ux-arch/models/Lora/vixon-aochokuXLP.safetensors: FileNotFoundError
Traceback (most recent call last):
  File "/home/dev/work/media/stablediffusion/stable-diffusion-webui-ux-arch/extensions-builtin/Lora/network.py", line 38, in __init__
    self.metadata = cache.cached_data_for_file('safetensors-metadata', "lora/" + self.name, filename, read_metadata)
  File "/home/dev/work/media/stablediffusion/stable-diffusion-webui-ux-arch/modules/cache.py", line 105, in cached_data_for_file
    ondisk_mtime = os.path.getmtime(filename)
  File "/home/dev/.local/share/uv/python/cpython-3.10.16-linux-x86_64-gnu/lib/python3.10/genericpath.py", line 55, in getmtime
    return os.stat(filename).st_mtime
FileNotFoundError: [Errno 2] No such file or directory: '/home/dev/work/media/stablediffusion/stable-diffusion-webui-ux-arch/models/Lora/vixon-aochokuXLP.safetensors'

reading lora /home/dev/work/media/stablediffusion/stable-diffusion-webui-ux-arch/models/Lora/vixon-B0ld01lp41ntXLP.safetensors: FileNotFoundError
Traceback (most recent call last):
  File "/home/dev/work/media/stablediffusion/stable-diffusion-webui-ux-arch/extensions-builtin/Lora/network.py", line 38, in __init__
    self.metadata = cache.cached_data_for_file('safetensors-metadata', "lora/" + self.name, filename, read_metadata)
  File "/home/dev/work/media/stablediffusion/stable-diffusion-webui-ux-arch/modules/cache.py", line 105, in cached_data_for_file
    ondisk_mtime = os.path.getmtime(filename)
  File "/home/dev/.local/share/uv/python/cpython-3.10.16-linux-x86_64-gnu/lib/python3.10/genericpath.py", line 55, in getmtime
    return os.stat(filename).st_mtime
FileNotFoundError: [Errno 2] No such file or directory: '/home/dev/work/media/stablediffusion/stable-diffusion-webui-ux-arch/models/Lora/vixon-B0ld01lp41ntXLP.safetensors'

reading lora /home/dev/work/media/stablediffusion/stable-diffusion-webui-ux-arch/models/Lora/vixon-BBXLP.safetensors: FileNotFoundError
Traceback (most recent call last):
  File "/home/dev/work/media/stablediffusion/stable-diffusion-webui-ux-arch/extensions-builtin/Lora/network.py", line 38, in __init__
    self.metadata = cache.cached_data_for_file('safetensors-metadata', "lora/" + self.name, filename, read_metadata)
  File "/home/dev/work/media/stablediffusion/stable-diffusion-webui-ux-arch/modules/cache.py", line 105, in cached_data_for_file
    ondisk_mtime = os.path.getmtime(filename)
  File "/home/dev/.local/share/uv/python/cpython-3.10.16-linux-x86_64-gnu/lib/python3.10/genericpath.py", line 55, in getmtime
    return os.stat(filename).st_mtime
FileNotFoundError: [Errno 2] No such file or directory: '/home/dev/work/media/stablediffusion/stable-diffusion-webui-ux-arch/models/Lora/vixon-BBXLP.safetensors'

reading lora /home/dev/work/media/stablediffusion/stable-diffusion-webui-ux-arch/models/Lora/vixon-blu3sXLP.safetensors: FileNotFoundError
Traceback (most recent call last):
  File "/home/dev/work/media/stablediffusion/stable-diffusion-webui-ux-arch/extensions-builtin/Lora/network.py", line 38, in __init__
    self.metadata = cache.cached_data_for_file('safetensors-metadata', "lora/" + self.name, filename, read_metadata)
  File "/home/dev/work/media/stablediffusion/stable-diffusion-webui-ux-arch/modules/cache.py", line 105, in cached_data_for_file
    ondisk_mtime = os.path.getmtime(filename)
  File "/home/dev/.local/share/uv/python/cpython-3.10.16-linux-x86_64-gnu/lib/python3.10/genericpath.py", line 55, in getmtime
    return os.stat(filename).st_mtime
FileNotFoundError: [Errno 2] No such file or directory: '/home/dev/work/media/stablediffusion/stable-diffusion-webui-ux-arch/models/Lora/vixon-blu3sXLP.safetensors'

reading lora /home/dev/work/media/stablediffusion/stable-diffusion-webui-ux-arch/models/Lora/vixon-blurXLP.safetensors: FileNotFoundError
Traceback (most recent call last):
  File "/home/dev/work/media/stablediffusion/stable-diffusion-webui-ux-arch/extensions-builtin/Lora/network.py", line 38, in __init__
    self.metadata = cache.cached_data_for_file('safetensors-metadata', "lora/" + self.name, filename, read_metadata)
  File "/home/dev/work/media/stablediffusion/stable-diffusion-webui-ux-arch/modules/cache.py", line 105, in cached_data_for_file
    ondisk_mtime = os.path.getmtime(filename)
  File "/home/dev/.local/share/uv/python/cpython-3.10.16-linux-x86_64-gnu/lib/python3.10/genericpath.py", line 55, in getmtime
    return os.stat(filename).st_mtime
FileNotFoundError: [Errno 2] No such file or directory: '/home/dev/work/media/stablediffusion/stable-diffusion-webui-ux-arch/models/Lora/vixon-blurXLP.safetensors'

reading lora /home/dev/work/media/stablediffusion/stable-diffusion-webui-ux-arch/models/Lora/vixon-BuddR00tXLP.safetensors: FileNotFoundError
Traceback (most recent call last):
  File "/home/dev/work/media/stablediffusion/stable-diffusion-webui-ux-arch/extensions-builtin/Lora/network.py", line 38, in __init__
    self.metadata = cache.cached_data_for_file('safetensors-metadata', "lora/" + self.name, filename, read_metadata)
  File "/home/dev/work/media/stablediffusion/stable-diffusion-webui-ux-arch/modules/cache.py", line 105, in cached_data_for_file
    ondisk_mtime = os.path.getmtime(filename)
  File "/home/dev/.local/share/uv/python/cpython-3.10.16-linux-x86_64-gnu/lib/python3.10/genericpath.py", line 55, in getmtime
    return os.stat(filename).st_mtime
FileNotFoundError: [Errno 2] No such file or directory: '/home/dev/work/media/stablediffusion/stable-diffusion-webui-ux-arch/models/Lora/vixon-BuddR00tXLP.safetensors'

reading lora /home/dev/work/media/stablediffusion/stable-diffusion-webui-ux-arch/models/Lora/vixon-butt3redXLP.safetensors: FileNotFoundError
Traceback (most recent call last):
  File "/home/dev/work/media/stablediffusion/stable-diffusion-webui-ux-arch/extensions-builtin/Lora/network.py", line 38, in __init__
    self.metadata = cache.cached_data_for_file('safetensors-metadata', "lora/" + self.name, filename, read_metadata)
  File "/home/dev/work/media/stablediffusion/stable-diffusion-webui-ux-arch/modules/cache.py", line 105, in cached_data_for_file
    ondisk_mtime = os.path.getmtime(filename)
  File "/home/dev/.local/share/uv/python/cpython-3.10.16-linux-x86_64-gnu/lib/python3.10/genericpath.py", line 55, in getmtime
    return os.stat(filename).st_mtime
FileNotFoundError: [Errno 2] No such file or directory: '/home/dev/work/media/stablediffusion/stable-diffusion-webui-ux-arch/models/Lora/vixon-butt3redXLP.safetensors'

reading lora /home/dev/work/media/stablediffusion/stable-diffusion-webui-ux-arch/models/Lora/vixon-c0l0urc0r3XLP2.safetensors: FileNotFoundError
Traceback (most recent call last):
  File "/home/dev/work/media/stablediffusion/stable-diffusion-webui-ux-arch/extensions-builtin/Lora/network.py", line 38, in __init__
    self.metadata = cache.cached_data_for_file('safetensors-metadata', "lora/" + self.name, filename, read_metadata)
  File "/home/dev/work/media/stablediffusion/stable-diffusion-webui-ux-arch/modules/cache.py", line 105, in cached_data_for_file
    ondisk_mtime = os.path.getmtime(filename)
  File "/home/dev/.local/share/uv/python/cpython-3.10.16-linux-x86_64-gnu/lib/python3.10/genericpath.py", line 55, in getmtime
    return os.stat(filename).st_mtime
FileNotFoundError: [Errno 2] No such file or directory: '/home/dev/work/media/stablediffusion/stable-diffusion-webui-ux-arch/models/Lora/vixon-c0l0urc0r3XLP2.safetensors'

reading lora /home/dev/work/media/stablediffusion/stable-diffusion-webui-ux-arch/models/Lora/vixon-c0ntr4stbwXLP.safetensors: FileNotFoundError
Traceback (most recent call last):
  File "/home/dev/work/media/stablediffusion/stable-diffusion-webui-ux-arch/extensions-builtin/Lora/network.py", line 38, in __init__
    self.metadata = cache.cached_data_for_file('safetensors-metadata', "lora/" + self.name, filename, read_metadata)
  File "/home/dev/work/media/stablediffusion/stable-diffusion-webui-ux-arch/modules/cache.py", line 105, in cached_data_for_file
    ondisk_mtime = os.path.getmtime(filename)
  File "/home/dev/.local/share/uv/python/cpython-3.10.16-linux-x86_64-gnu/lib/python3.10/genericpath.py", line 55, in getmtime
    return os.stat(filename).st_mtime
FileNotFoundError: [Errno 2] No such file or directory: '/home/dev/work/media/stablediffusion/stable-diffusion-webui-ux-arch/models/Lora/vixon-c0ntr4stbwXLP.safetensors'

reading lora /home/dev/work/media/stablediffusion/stable-diffusion-webui-ux-arch/models/Lora/vixon-c0tt0nyXLP.safetensors: FileNotFoundError
Traceback (most recent call last):
  File "/home/dev/work/media/stablediffusion/stable-diffusion-webui-ux-arch/extensions-builtin/Lora/network.py", line 38, in __init__
    self.metadata = cache.cached_data_for_file('safetensors-metadata', "lora/" + self.name, filename, read_metadata)
  File "/home/dev/work/media/stablediffusion/stable-diffusion-webui-ux-arch/modules/cache.py", line 105, in cached_data_for_file
    ondisk_mtime = os.path.getmtime(filename)
  File "/home/dev/.local/share/uv/python/cpython-3.10.16-linux-x86_64-gnu/lib/python3.10/genericpath.py", line 55, in getmtime
    return os.stat(filename).st_mtime
FileNotFoundError: [Errno 2] No such file or directory: '/home/dev/work/media/stablediffusion/stable-diffusion-webui-ux-arch/models/Lora/vixon-c0tt0nyXLP.safetensors'

reading lora /home/dev/work/media/stablediffusion/stable-diffusion-webui-ux-arch/models/Lora/vixon-c1rcusstyl3XLP.safetensors: FileNotFoundError
Traceback (most recent call last):
  File "/home/dev/work/media/stablediffusion/stable-diffusion-webui-ux-arch/extensions-builtin/Lora/network.py", line 38, in __init__
    self.metadata = cache.cached_data_for_file('safetensors-metadata', "lora/" + self.name, filename, read_metadata)
  File "/home/dev/work/media/stablediffusion/stable-diffusion-webui-ux-arch/modules/cache.py", line 105, in cached_data_for_file
    ondisk_mtime = os.path.getmtime(filename)
  File "/home/dev/.local/share/uv/python/cpython-3.10.16-linux-x86_64-gnu/lib/python3.10/genericpath.py", line 55, in getmtime
    return os.stat(filename).st_mtime
FileNotFoundError: [Errno 2] No such file or directory: '/home/dev/work/media/stablediffusion/stable-diffusion-webui-ux-arch/models/Lora/vixon-c1rcusstyl3XLP.safetensors'

reading lora /home/dev/work/media/stablediffusion/stable-diffusion-webui-ux-arch/models/Lora/vixon-c4rll4rXLP.safetensors: FileNotFoundError
Traceback (most recent call last):
  File "/home/dev/work/media/stablediffusion/stable-diffusion-webui-ux-arch/extensions-builtin/Lora/network.py", line 38, in __init__
    self.metadata = cache.cached_data_for_file('safetensors-metadata', "lora/" + self.name, filename, read_metadata)
  File "/home/dev/work/media/stablediffusion/stable-diffusion-webui-ux-arch/modules/cache.py", line 105, in cached_data_for_file
    ondisk_mtime = os.path.getmtime(filename)
  File "/home/dev/.local/share/uv/python/cpython-3.10.16-linux-x86_64-gnu/lib/python3.10/genericpath.py", line 55, in getmtime
    return os.stat(filename).st_mtime
FileNotFoundError: [Errno 2] No such file or directory: '/home/dev/work/media/stablediffusion/stable-diffusion-webui-ux-arch/models/Lora/vixon-c4rll4rXLP.safetensors'

reading lora /home/dev/work/media/stablediffusion/stable-diffusion-webui-ux-arch/models/Lora/vixon-chr0m4XLP.safetensors: FileNotFoundError
Traceback (most recent call last):
  File "/home/dev/work/media/stablediffusion/stable-diffusion-webui-ux-arch/extensions-builtin/Lora/network.py", line 38, in __init__
    self.metadata = cache.cached_data_for_file('safetensors-metadata', "lora/" + self.name, filename, read_metadata)
  File "/home/dev/work/media/stablediffusion/stable-diffusion-webui-ux-arch/modules/cache.py", line 105, in cached_data_for_file
    ondisk_mtime = os.path.getmtime(filename)
  File "/home/dev/.local/share/uv/python/cpython-3.10.16-linux-x86_64-gnu/lib/python3.10/genericpath.py", line 55, in getmtime
    return os.stat(filename).st_mtime
FileNotFoundError: [Errno 2] No such file or directory: '/home/dev/work/media/stablediffusion/stable-diffusion-webui-ux-arch/models/Lora/vixon-chr0m4XLP.safetensors'

reading lora /home/dev/work/media/stablediffusion/stable-diffusion-webui-ux-arch/models/Lora/vixon-CosliXLP.safetensors: FileNotFoundError
Traceback (most recent call last):
  File "/home/dev/work/media/stablediffusion/stable-diffusion-webui-ux-arch/extensions-builtin/Lora/network.py", line 38, in __init__
    self.metadata = cache.cached_data_for_file('safetensors-metadata', "lora/" + self.name, filename, read_metadata)
  File "/home/dev/work/media/stablediffusion/stable-diffusion-webui-ux-arch/modules/cache.py", line 105, in cached_data_for_file
    ondisk_mtime = os.path.getmtime(filename)
  File "/home/dev/.local/share/uv/python/cpython-3.10.16-linux-x86_64-gnu/lib/python3.10/genericpath.py", line 55, in getmtime
    return os.stat(filename).st_mtime
FileNotFoundError: [Errno 2] No such file or directory: '/home/dev/work/media/stablediffusion/stable-diffusion-webui-ux-arch/models/Lora/vixon-CosliXLP.safetensors'

reading lora /home/dev/work/media/stablediffusion/stable-diffusion-webui-ux-arch/models/Lora/vixon-CR4XLP.safetensors: FileNotFoundError
Traceback (most recent call last):
  File "/home/dev/work/media/stablediffusion/stable-diffusion-webui-ux-arch/extensions-builtin/Lora/network.py", line 38, in __init__
    self.metadata = cache.cached_data_for_file('safetensors-metadata', "lora/" + self.name, filename, read_metadata)
  File "/home/dev/work/media/stablediffusion/stable-diffusion-webui-ux-arch/modules/cache.py", line 105, in cached_data_for_file
    ondisk_mtime = os.path.getmtime(filename)
  File "/home/dev/.local/share/uv/python/cpython-3.10.16-linux-x86_64-gnu/lib/python3.10/genericpath.py", line 55, in getmtime
    return os.stat(filename).st_mtime
FileNotFoundError: [Errno 2] No such file or directory: '/home/dev/work/media/stablediffusion/stable-diffusion-webui-ux-arch/models/Lora/vixon-CR4XLP.safetensors'

reading lora /home/dev/work/media/stablediffusion/stable-diffusion-webui-ux-arch/models/Lora/vixon-cryb0rgXLP.safetensors: FileNotFoundError
Traceback (most recent call last):
  File "/home/dev/work/media/stablediffusion/stable-diffusion-webui-ux-arch/extensions-builtin/Lora/network.py", line 38, in __init__
    self.metadata = cache.cached_data_for_file('safetensors-metadata', "lora/" + self.name, filename, read_metadata)
  File "/home/dev/work/media/stablediffusion/stable-diffusion-webui-ux-arch/modules/cache.py", line 105, in cached_data_for_file
    ondisk_mtime = os.path.getmtime(filename)
  File "/home/dev/.local/share/uv/python/cpython-3.10.16-linux-x86_64-gnu/lib/python3.10/genericpath.py", line 55, in getmtime
    return os.stat(filename).st_mtime
FileNotFoundError: [Errno 2] No such file or directory: '/home/dev/work/media/stablediffusion/stable-diffusion-webui-ux-arch/models/Lora/vixon-cryb0rgXLP.safetensors'

reading lora /home/dev/work/media/stablediffusion/stable-diffusion-webui-ux-arch/models/Lora/vixon-CTXLP.safetensors: FileNotFoundError
Traceback (most recent call last):
  File "/home/dev/work/media/stablediffusion/stable-diffusion-webui-ux-arch/extensions-builtin/Lora/network.py", line 38, in __init__
    self.metadata = cache.cached_data_for_file('safetensors-metadata', "lora/" + self.name, filename, read_metadata)
  File "/home/dev/work/media/stablediffusion/stable-diffusion-webui-ux-arch/modules/cache.py", line 105, in cached_data_for_file
    ondisk_mtime = os.path.getmtime(filename)
  File "/home/dev/.local/share/uv/python/cpython-3.10.16-linux-x86_64-gnu/lib/python3.10/genericpath.py", line 55, in getmtime
    return os.stat(filename).st_mtime
FileNotFoundError: [Errno 2] No such file or directory: '/home/dev/work/media/stablediffusion/stable-diffusion-webui-ux-arch/models/Lora/vixon-CTXLP.safetensors'

reading lora /home/dev/work/media/stablediffusion/stable-diffusion-webui-ux-arch/models/Lora/vixon-cut3ch4rXLP.safetensors: FileNotFoundError
Traceback (most recent call last):
  File "/home/dev/work/media/stablediffusion/stable-diffusion-webui-ux-arch/extensions-builtin/Lora/network.py", line 38, in __init__
    self.metadata = cache.cached_data_for_file('safetensors-metadata', "lora/" + self.name, filename, read_metadata)
  File "/home/dev/work/media/stablediffusion/stable-diffusion-webui-ux-arch/modules/cache.py", line 105, in cached_data_for_file
    ondisk_mtime = os.path.getmtime(filename)
  File "/home/dev/.local/share/uv/python/cpython-3.10.16-linux-x86_64-gnu/lib/python3.10/genericpath.py", line 55, in getmtime
    return os.stat(filename).st_mtime
FileNotFoundError: [Errno 2] No such file or directory: '/home/dev/work/media/stablediffusion/stable-diffusion-webui-ux-arch/models/Lora/vixon-cut3ch4rXLP.safetensors'

reading lora /home/dev/work/media/stablediffusion/stable-diffusion-webui-ux-arch/models/Lora/vixon-d3p1x3lXLP.safetensors: FileNotFoundError
Traceback (most recent call last):
  File "/home/dev/work/media/stablediffusion/stable-diffusion-webui-ux-arch/extensions-builtin/Lora/network.py", line 38, in __init__
    self.metadata = cache.cached_data_for_file('safetensors-metadata', "lora/" + self.name, filename, read_metadata)
  File "/home/dev/work/media/stablediffusion/stable-diffusion-webui-ux-arch/modules/cache.py", line 105, in cached_data_for_file
    ondisk_mtime = os.path.getmtime(filename)
  File "/home/dev/.local/share/uv/python/cpython-3.10.16-linux-x86_64-gnu/lib/python3.10/genericpath.py", line 55, in getmtime
    return os.stat(filename).st_mtime
FileNotFoundError: [Errno 2] No such file or directory: '/home/dev/work/media/stablediffusion/stable-diffusion-webui-ux-arch/models/Lora/vixon-d3p1x3lXLP.safetensors'

reading lora /home/dev/work/media/stablediffusion/stable-diffusion-webui-ux-arch/models/Lora/vixon-d3t41l3dXLP.safetensors: FileNotFoundError
Traceback (most recent call last):
  File "/home/dev/work/media/stablediffusion/stable-diffusion-webui-ux-arch/extensions-builtin/Lora/network.py", line 38, in __init__
    self.metadata = cache.cached_data_for_file('safetensors-metadata', "lora/" + self.name, filename, read_metadata)
  File "/home/dev/work/media/stablediffusion/stable-diffusion-webui-ux-arch/modules/cache.py", line 105, in cached_data_for_file
    ondisk_mtime = os.path.getmtime(filename)
  File "/home/dev/.local/share/uv/python/cpython-3.10.16-linux-x86_64-gnu/lib/python3.10/genericpath.py", line 55, in getmtime
    return os.stat(filename).st_mtime
FileNotFoundError: [Errno 2] No such file or directory: '/home/dev/work/media/stablediffusion/stable-diffusion-webui-ux-arch/models/Lora/vixon-d3t41l3dXLP.safetensors'

reading lora /home/dev/work/media/stablediffusion/stable-diffusion-webui-ux-arch/models/Lora/vixon-D4rC0mXLP.safetensors: FileNotFoundError
Traceback (most recent call last):
  File "/home/dev/work/media/stablediffusion/stable-diffusion-webui-ux-arch/extensions-builtin/Lora/network.py", line 38, in __init__
    self.metadata = cache.cached_data_for_file('safetensors-metadata', "lora/" + self.name, filename, read_metadata)
  File "/home/dev/work/media/stablediffusion/stable-diffusion-webui-ux-arch/modules/cache.py", line 105, in cached_data_for_file
    ondisk_mtime = os.path.getmtime(filename)
  File "/home/dev/.local/share/uv/python/cpython-3.10.16-linux-x86_64-gnu/lib/python3.10/genericpath.py", line 55, in getmtime
    return os.stat(filename).st_mtime
FileNotFoundError: [Errno 2] No such file or directory: '/home/dev/work/media/stablediffusion/stable-diffusion-webui-ux-arch/models/Lora/vixon-D4rC0mXLP.safetensors'

reading lora /home/dev/work/media/stablediffusion/stable-diffusion-webui-ux-arch/models/Lora/vixon-d4rk01lXLP.safetensors: FileNotFoundError
Traceback (most recent call last):
  File "/home/dev/work/media/stablediffusion/stable-diffusion-webui-ux-arch/extensions-builtin/Lora/network.py", line 38, in __init__
    self.metadata = cache.cached_data_for_file('safetensors-metadata', "lora/" + self.name, filename, read_metadata)
  File "/home/dev/work/media/stablediffusion/stable-diffusion-webui-ux-arch/modules/cache.py", line 105, in cached_data_for_file
    ondisk_mtime = os.path.getmtime(filename)
  File "/home/dev/.local/share/uv/python/cpython-3.10.16-linux-x86_64-gnu/lib/python3.10/genericpath.py", line 55, in getmtime
    return os.stat(filename).st_mtime
FileNotFoundError: [Errno 2] No such file or directory: '/home/dev/work/media/stablediffusion/stable-diffusion-webui-ux-arch/models/Lora/vixon-d4rk01lXLP.safetensors'

reading lora /home/dev/work/media/stablediffusion/stable-diffusion-webui-ux-arch/models/Lora/vixon-d4rkv1b3XLP.safetensors: FileNotFoundError
Traceback (most recent call last):
  File "/home/dev/work/media/stablediffusion/stable-diffusion-webui-ux-arch/extensions-builtin/Lora/network.py", line 38, in __init__
    self.metadata = cache.cached_data_for_file('safetensors-metadata', "lora/" + self.name, filename, read_metadata)
  File "/home/dev/work/media/stablediffusion/stable-diffusion-webui-ux-arch/modules/cache.py", line 105, in cached_data_for_file
    ondisk_mtime = os.path.getmtime(filename)
  File "/home/dev/.local/share/uv/python/cpython-3.10.16-linux-x86_64-gnu/lib/python3.10/genericpath.py", line 55, in getmtime
    return os.stat(filename).st_mtime
FileNotFoundError: [Errno 2] No such file or directory: '/home/dev/work/media/stablediffusion/stable-diffusion-webui-ux-arch/models/Lora/vixon-d4rkv1b3XLP.safetensors'

reading lora /home/dev/work/media/stablediffusion/stable-diffusion-webui-ux-arch/models/Lora/vixon-DKXLP.safetensors: FileNotFoundError
Traceback (most recent call last):
  File "/home/dev/work/media/stablediffusion/stable-diffusion-webui-ux-arch/extensions-builtin/Lora/network.py", line 38, in __init__
    self.metadata = cache.cached_data_for_file('safetensors-metadata', "lora/" + self.name, filename, read_metadata)
  File "/home/dev/work/media/stablediffusion/stable-diffusion-webui-ux-arch/modules/cache.py", line 105, in cached_data_for_file
    ondisk_mtime = os.path.getmtime(filename)
  File "/home/dev/.local/share/uv/python/cpython-3.10.16-linux-x86_64-gnu/lib/python3.10/genericpath.py", line 55, in getmtime
    return os.stat(filename).st_mtime
FileNotFoundError: [Errno 2] No such file or directory: '/home/dev/work/media/stablediffusion/stable-diffusion-webui-ux-arch/models/Lora/vixon-DKXLP.safetensors'

reading lora /home/dev/work/media/stablediffusion/stable-diffusion-webui-ux-arch/models/Lora/vixon-dr34mc0r3XLP.safetensors: FileNotFoundError
Traceback (most recent call last):
  File "/home/dev/work/media/stablediffusion/stable-diffusion-webui-ux-arch/extensions-builtin/Lora/network.py", line 38, in __init__
    self.metadata = cache.cached_data_for_file('safetensors-metadata', "lora/" + self.name, filename, read_metadata)
  File "/home/dev/work/media/stablediffusion/stable-diffusion-webui-ux-arch/modules/cache.py", line 105, in cached_data_for_file
    ondisk_mtime = os.path.getmtime(filename)
  File "/home/dev/.local/share/uv/python/cpython-3.10.16-linux-x86_64-gnu/lib/python3.10/genericpath.py", line 55, in getmtime
    return os.stat(filename).st_mtime
FileNotFoundError: [Errno 2] No such file or directory: '/home/dev/work/media/stablediffusion/stable-diffusion-webui-ux-arch/models/Lora/vixon-dr34mc0r3XLP.safetensors'

reading lora /home/dev/work/media/stablediffusion/stable-diffusion-webui-ux-arch/models/Lora/vixon-fforceXLP.safetensors: FileNotFoundError
Traceback (most recent call last):
  File "/home/dev/work/media/stablediffusion/stable-diffusion-webui-ux-arch/extensions-builtin/Lora/network.py", line 38, in __init__
    self.metadata = cache.cached_data_for_file('safetensors-metadata', "lora/" + self.name, filename, read_metadata)
  File "/home/dev/work/media/stablediffusion/stable-diffusion-webui-ux-arch/modules/cache.py", line 105, in cached_data_for_file
    ondisk_mtime = os.path.getmtime(filename)
  File "/home/dev/.local/share/uv/python/cpython-3.10.16-linux-x86_64-gnu/lib/python3.10/genericpath.py", line 55, in getmtime
    return os.stat(filename).st_mtime
FileNotFoundError: [Errno 2] No such file or directory: '/home/dev/work/media/stablediffusion/stable-diffusion-webui-ux-arch/models/Lora/vixon-fforceXLP.safetensors'

reading lora /home/dev/work/media/stablediffusion/stable-diffusion-webui-ux-arch/models/Lora/vixon-Fl0r4lXLP.safetensors: FileNotFoundError
Traceback (most recent call last):
  File "/home/dev/work/media/stablediffusion/stable-diffusion-webui-ux-arch/extensions-builtin/Lora/network.py", line 38, in __init__
    self.metadata = cache.cached_data_for_file('safetensors-metadata', "lora/" + self.name, filename, read_metadata)
  File "/home/dev/work/media/stablediffusion/stable-diffusion-webui-ux-arch/modules/cache.py", line 105, in cached_data_for_file
    ondisk_mtime = os.path.getmtime(filename)
  File "/home/dev/.local/share/uv/python/cpython-3.10.16-linux-x86_64-gnu/lib/python3.10/genericpath.py", line 55, in getmtime
    return os.stat(filename).st_mtime
FileNotFoundError: [Errno 2] No such file or directory: '/home/dev/work/media/stablediffusion/stable-diffusion-webui-ux-arch/models/Lora/vixon-Fl0r4lXLP.safetensors'

reading lora /home/dev/work/media/stablediffusion/stable-diffusion-webui-ux-arch/models/Lora/vixon-fl1ntsXLP.safetensors: FileNotFoundError
Traceback (most recent call last):
  File "/home/dev/work/media/stablediffusion/stable-diffusion-webui-ux-arch/extensions-builtin/Lora/network.py", line 38, in __init__
    self.metadata = cache.cached_data_for_file('safetensors-metadata', "lora/" + self.name, filename, read_metadata)
  File "/home/dev/work/media/stablediffusion/stable-diffusion-webui-ux-arch/modules/cache.py", line 105, in cached_data_for_file
    ondisk_mtime = os.path.getmtime(filename)
  File "/home/dev/.local/share/uv/python/cpython-3.10.16-linux-x86_64-gnu/lib/python3.10/genericpath.py", line 55, in getmtime
    return os.stat(filename).st_mtime
FileNotFoundError: [Errno 2] No such file or directory: '/home/dev/work/media/stablediffusion/stable-diffusion-webui-ux-arch/models/Lora/vixon-fl1ntsXLP.safetensors'

reading lora /home/dev/work/media/stablediffusion/stable-diffusion-webui-ux-arch/models/Lora/vixon-fl4ttr1p3XLP.safetensors: FileNotFoundError
Traceback (most recent call last):
  File "/home/dev/work/media/stablediffusion/stable-diffusion-webui-ux-arch/extensions-builtin/Lora/network.py", line 38, in __init__
    self.metadata = cache.cached_data_for_file('safetensors-metadata', "lora/" + self.name, filename, read_metadata)
  File "/home/dev/work/media/stablediffusion/stable-diffusion-webui-ux-arch/modules/cache.py", line 105, in cached_data_for_file
    ondisk_mtime = os.path.getmtime(filename)
  File "/home/dev/.local/share/uv/python/cpython-3.10.16-linux-x86_64-gnu/lib/python3.10/genericpath.py", line 55, in getmtime
    return os.stat(filename).st_mtime
FileNotFoundError: [Errno 2] No such file or directory: '/home/dev/work/media/stablediffusion/stable-diffusion-webui-ux-arch/models/Lora/vixon-fl4ttr1p3XLP.safetensors'

reading lora /home/dev/work/media/stablediffusion/stable-diffusion-webui-ux-arch/models/Lora/vixon-g0dsl4pXLP.safetensors: FileNotFoundError
Traceback (most recent call last):
  File "/home/dev/work/media/stablediffusion/stable-diffusion-webui-ux-arch/extensions-builtin/Lora/network.py", line 38, in __init__
    self.metadata = cache.cached_data_for_file('safetensors-metadata', "lora/" + self.name, filename, read_metadata)
  File "/home/dev/work/media/stablediffusion/stable-diffusion-webui-ux-arch/modules/cache.py", line 105, in cached_data_for_file
    ondisk_mtime = os.path.getmtime(filename)
  File "/home/dev/.local/share/uv/python/cpython-3.10.16-linux-x86_64-gnu/lib/python3.10/genericpath.py", line 55, in getmtime
    return os.stat(filename).st_mtime
FileNotFoundError: [Errno 2] No such file or directory: '/home/dev/work/media/stablediffusion/stable-diffusion-webui-ux-arch/models/Lora/vixon-g0dsl4pXLP.safetensors'

reading lora /home/dev/work/media/stablediffusion/stable-diffusion-webui-ux-arch/models/Lora/vixon-g0ldl34fXLP.safetensors: FileNotFoundError
Traceback (most recent call last):
  File "/home/dev/work/media/stablediffusion/stable-diffusion-webui-ux-arch/extensions-builtin/Lora/network.py", line 38, in __init__
    self.metadata = cache.cached_data_for_file('safetensors-metadata', "lora/" + self.name, filename, read_metadata)
  File "/home/dev/work/media/stablediffusion/stable-diffusion-webui-ux-arch/modules/cache.py", line 105, in cached_data_for_file
    ondisk_mtime = os.path.getmtime(filename)
  File "/home/dev/.local/share/uv/python/cpython-3.10.16-linux-x86_64-gnu/lib/python3.10/genericpath.py", line 55, in getmtime
    return os.stat(filename).st_mtime
FileNotFoundError: [Errno 2] No such file or directory: '/home/dev/work/media/stablediffusion/stable-diffusion-webui-ux-arch/models/Lora/vixon-g0ldl34fXLP.safetensors'

reading lora /home/dev/work/media/stablediffusion/stable-diffusion-webui-ux-arch/models/Lora/vixon-g0th1cPXL.safetensors: FileNotFoundError
Traceback (most recent call last):
  File "/home/dev/work/media/stablediffusion/stable-diffusion-webui-ux-arch/extensions-builtin/Lora/network.py", line 38, in __init__
    self.metadata = cache.cached_data_for_file('safetensors-metadata', "lora/" + self.name, filename, read_metadata)
  File "/home/dev/work/media/stablediffusion/stable-diffusion-webui-ux-arch/modules/cache.py", line 105, in cached_data_for_file
    ondisk_mtime = os.path.getmtime(filename)
  File "/home/dev/.local/share/uv/python/cpython-3.10.16-linux-x86_64-gnu/lib/python3.10/genericpath.py", line 55, in getmtime
    return os.stat(filename).st_mtime
FileNotFoundError: [Errno 2] No such file or directory: '/home/dev/work/media/stablediffusion/stable-diffusion-webui-ux-arch/models/Lora/vixon-g0th1cPXL.safetensors'

reading lora /home/dev/work/media/stablediffusion/stable-diffusion-webui-ux-arch/models/Lora/vixon-g4n1m3XLP.safetensors: FileNotFoundError
Traceback (most recent call last):
  File "/home/dev/work/media/stablediffusion/stable-diffusion-webui-ux-arch/extensions-builtin/Lora/network.py", line 38, in __init__
    self.metadata = cache.cached_data_for_file('safetensors-metadata', "lora/" + self.name, filename, read_metadata)
  File "/home/dev/work/media/stablediffusion/stable-diffusion-webui-ux-arch/modules/cache.py", line 105, in cached_data_for_file
    ondisk_mtime = os.path.getmtime(filename)
  File "/home/dev/.local/share/uv/python/cpython-3.10.16-linux-x86_64-gnu/lib/python3.10/genericpath.py", line 55, in getmtime
    return os.stat(filename).st_mtime
FileNotFoundError: [Errno 2] No such file or directory: '/home/dev/work/media/stablediffusion/stable-diffusion-webui-ux-arch/models/Lora/vixon-g4n1m3XLP.safetensors'

reading lora /home/dev/work/media/stablediffusion/stable-diffusion-webui-ux-arch/models/Lora/vixon-gachiakutaXLP.safetensors: FileNotFoundError
Traceback (most recent call last):
  File "/home/dev/work/media/stablediffusion/stable-diffusion-webui-ux-arch/extensions-builtin/Lora/network.py", line 38, in __init__
    self.metadata = cache.cached_data_for_file('safetensors-metadata', "lora/" + self.name, filename, read_metadata)
  File "/home/dev/work/media/stablediffusion/stable-diffusion-webui-ux-arch/modules/cache.py", line 105, in cached_data_for_file
    ondisk_mtime = os.path.getmtime(filename)
  File "/home/dev/.local/share/uv/python/cpython-3.10.16-linux-x86_64-gnu/lib/python3.10/genericpath.py", line 55, in getmtime
    return os.stat(filename).st_mtime
FileNotFoundError: [Errno 2] No such file or directory: '/home/dev/work/media/stablediffusion/stable-diffusion-webui-ux-arch/models/Lora/vixon-gachiakutaXLP.safetensors'

reading lora /home/dev/work/media/stablediffusion/stable-diffusion-webui-ux-arch/models/Lora/vixon-garoumaXLP.safetensors: FileNotFoundError
Traceback (most recent call last):
  File "/home/dev/work/media/stablediffusion/stable-diffusion-webui-ux-arch/extensions-builtin/Lora/network.py", line 38, in __init__
    self.metadata = cache.cached_data_for_file('safetensors-metadata', "lora/" + self.name, filename, read_metadata)
  File "/home/dev/work/media/stablediffusion/stable-diffusion-webui-ux-arch/modules/cache.py", line 105, in cached_data_for_file
    ondisk_mtime = os.path.getmtime(filename)
  File "/home/dev/.local/share/uv/python/cpython-3.10.16-linux-x86_64-gnu/lib/python3.10/genericpath.py", line 55, in getmtime
    return os.stat(filename).st_mtime
FileNotFoundError: [Errno 2] No such file or directory: '/home/dev/work/media/stablediffusion/stable-diffusion-webui-ux-arch/models/Lora/vixon-garoumaXLP.safetensors'

reading lora /home/dev/work/media/stablediffusion/stable-diffusion-webui-ux-arch/models/Lora/vixon-gh1bl1XLP.safetensors: FileNotFoundError
Traceback (most recent call last):
  File "/home/dev/work/media/stablediffusion/stable-diffusion-webui-ux-arch/extensions-builtin/Lora/network.py", line 38, in __init__
    self.metadata = cache.cached_data_for_file('safetensors-metadata', "lora/" + self.name, filename, read_metadata)
  File "/home/dev/work/media/stablediffusion/stable-diffusion-webui-ux-arch/modules/cache.py", line 105, in cached_data_for_file
    ondisk_mtime = os.path.getmtime(filename)
  File "/home/dev/.local/share/uv/python/cpython-3.10.16-linux-x86_64-gnu/lib/python3.10/genericpath.py", line 55, in getmtime
    return os.stat(filename).st_mtime
FileNotFoundError: [Errno 2] No such file or directory: '/home/dev/work/media/stablediffusion/stable-diffusion-webui-ux-arch/models/Lora/vixon-gh1bl1XLP.safetensors'

reading lora /home/dev/work/media/stablediffusion/stable-diffusion-webui-ux-arch/models/Lora/vixon-gl1tchm4ng4XLP.safetensors: FileNotFoundError
Traceback (most recent call last):
  File "/home/dev/work/media/stablediffusion/stable-diffusion-webui-ux-arch/extensions-builtin/Lora/network.py", line 38, in __init__
    self.metadata = cache.cached_data_for_file('safetensors-metadata', "lora/" + self.name, filename, read_metadata)
  File "/home/dev/work/media/stablediffusion/stable-diffusion-webui-ux-arch/modules/cache.py", line 105, in cached_data_for_file
    ondisk_mtime = os.path.getmtime(filename)
  File "/home/dev/.local/share/uv/python/cpython-3.10.16-linux-x86_64-gnu/lib/python3.10/genericpath.py", line 55, in getmtime
    return os.stat(filename).st_mtime
FileNotFoundError: [Errno 2] No such file or directory: '/home/dev/work/media/stablediffusion/stable-diffusion-webui-ux-arch/models/Lora/vixon-gl1tchm4ng4XLP.safetensors'

reading lora /home/dev/work/media/stablediffusion/stable-diffusion-webui-ux-arch/models/Lora/vixon-gr33nXLP.safetensors: FileNotFoundError
Traceback (most recent call last):
  File "/home/dev/work/media/stablediffusion/stable-diffusion-webui-ux-arch/extensions-builtin/Lora/network.py", line 38, in __init__
    self.metadata = cache.cached_data_for_file('safetensors-metadata', "lora/" + self.name, filename, read_metadata)
  File "/home/dev/work/media/stablediffusion/stable-diffusion-webui-ux-arch/modules/cache.py", line 105, in cached_data_for_file
    ondisk_mtime = os.path.getmtime(filename)
  File "/home/dev/.local/share/uv/python/cpython-3.10.16-linux-x86_64-gnu/lib/python3.10/genericpath.py", line 55, in getmtime
    return os.stat(filename).st_mtime
FileNotFoundError: [Errno 2] No such file or directory: '/home/dev/work/media/stablediffusion/stable-diffusion-webui-ux-arch/models/Lora/vixon-gr33nXLP.safetensors'

reading lora /home/dev/work/media/stablediffusion/stable-diffusion-webui-ux-arch/models/Lora/vixon-gsusartXLP.safetensors: FileNotFoundError
Traceback (most recent call last):
  File "/home/dev/work/media/stablediffusion/stable-diffusion-webui-ux-arch/extensions-builtin/Lora/network.py", line 38, in __init__
    self.metadata = cache.cached_data_for_file('safetensors-metadata', "lora/" + self.name, filename, read_metadata)
  File "/home/dev/work/media/stablediffusion/stable-diffusion-webui-ux-arch/modules/cache.py", line 105, in cached_data_for_file
    ondisk_mtime = os.path.getmtime(filename)
  File "/home/dev/.local/share/uv/python/cpython-3.10.16-linux-x86_64-gnu/lib/python3.10/genericpath.py", line 55, in getmtime
    return os.stat(filename).st_mtime
FileNotFoundError: [Errno 2] No such file or directory: '/home/dev/work/media/stablediffusion/stable-diffusion-webui-ux-arch/models/Lora/vixon-gsusartXLP.safetensors'

reading lora /home/dev/work/media/stablediffusion/stable-diffusion-webui-ux-arch/models/Lora/vixon-h3ll1shXLP2.safetensors: FileNotFoundError
Traceback (most recent call last):
  File "/home/dev/work/media/stablediffusion/stable-diffusion-webui-ux-arch/extensions-builtin/Lora/network.py", line 38, in __init__
    self.metadata = cache.cached_data_for_file('safetensors-metadata', "lora/" + self.name, filename, read_metadata)
  File "/home/dev/work/media/stablediffusion/stable-diffusion-webui-ux-arch/modules/cache.py", line 105, in cached_data_for_file
    ondisk_mtime = os.path.getmtime(filename)
  File "/home/dev/.local/share/uv/python/cpython-3.10.16-linux-x86_64-gnu/lib/python3.10/genericpath.py", line 55, in getmtime
    return os.stat(filename).st_mtime
FileNotFoundError: [Errno 2] No such file or directory: '/home/dev/work/media/stablediffusion/stable-diffusion-webui-ux-arch/models/Lora/vixon-h3ll1shXLP2.safetensors'

reading lora /home/dev/work/media/stablediffusion/stable-diffusion-webui-ux-arch/models/Lora/vixon-HiroyukiTakahashiXLP.safetensors: FileNotFoundError
Traceback (most recent call last):
  File "/home/dev/work/media/stablediffusion/stable-diffusion-webui-ux-arch/extensions-builtin/Lora/network.py", line 38, in __init__
    self.metadata = cache.cached_data_for_file('safetensors-metadata', "lora/" + self.name, filename, read_metadata)
  File "/home/dev/work/media/stablediffusion/stable-diffusion-webui-ux-arch/modules/cache.py", line 105, in cached_data_for_file
    ondisk_mtime = os.path.getmtime(filename)
  File "/home/dev/.local/share/uv/python/cpython-3.10.16-linux-x86_64-gnu/lib/python3.10/genericpath.py", line 55, in getmtime
    return os.stat(filename).st_mtime
FileNotFoundError: [Errno 2] No such file or directory: '/home/dev/work/media/stablediffusion/stable-diffusion-webui-ux-arch/models/Lora/vixon-HiroyukiTakahashiXLP.safetensors'

reading lora /home/dev/work/media/stablediffusion/stable-diffusion-webui-ux-arch/models/Lora/vixon-Humb3rt0XLP.safetensors: FileNotFoundError
Traceback (most recent call last):
  File "/home/dev/work/media/stablediffusion/stable-diffusion-webui-ux-arch/extensions-builtin/Lora/network.py", line 38, in __init__
    self.metadata = cache.cached_data_for_file('safetensors-metadata', "lora/" + self.name, filename, read_metadata)
  File "/home/dev/work/media/stablediffusion/stable-diffusion-webui-ux-arch/modules/cache.py", line 105, in cached_data_for_file
    ondisk_mtime = os.path.getmtime(filename)
  File "/home/dev/.local/share/uv/python/cpython-3.10.16-linux-x86_64-gnu/lib/python3.10/genericpath.py", line 55, in getmtime
    return os.stat(filename).st_mtime
FileNotFoundError: [Errno 2] No such file or directory: '/home/dev/work/media/stablediffusion/stable-diffusion-webui-ux-arch/models/Lora/vixon-Humb3rt0XLP.safetensors'

reading lora /home/dev/work/media/stablediffusion/stable-diffusion-webui-ux-arch/models/Lora/vixon-j3ts0nsXLP.safetensors: FileNotFoundError
Traceback (most recent call last):
  File "/home/dev/work/media/stablediffusion/stable-diffusion-webui-ux-arch/extensions-builtin/Lora/network.py", line 38, in __init__
    self.metadata = cache.cached_data_for_file('safetensors-metadata', "lora/" + self.name, filename, read_metadata)
  File "/home/dev/work/media/stablediffusion/stable-diffusion-webui-ux-arch/modules/cache.py", line 105, in cached_data_for_file
    ondisk_mtime = os.path.getmtime(filename)
  File "/home/dev/.local/share/uv/python/cpython-3.10.16-linux-x86_64-gnu/lib/python3.10/genericpath.py", line 55, in getmtime
    return os.stat(filename).st_mtime
FileNotFoundError: [Errno 2] No such file or directory: '/home/dev/work/media/stablediffusion/stable-diffusion-webui-ux-arch/models/Lora/vixon-j3ts0nsXLP.safetensors'

reading lora /home/dev/work/media/stablediffusion/stable-diffusion-webui-ux-arch/models/Lora/vixon-JBr4v0XLP.safetensors: FileNotFoundError
Traceback (most recent call last):
  File "/home/dev/work/media/stablediffusion/stable-diffusion-webui-ux-arch/extensions-builtin/Lora/network.py", line 38, in __init__
    self.metadata = cache.cached_data_for_file('safetensors-metadata', "lora/" + self.name, filename, read_metadata)
  File "/home/dev/work/media/stablediffusion/stable-diffusion-webui-ux-arch/modules/cache.py", line 105, in cached_data_for_file
    ondisk_mtime = os.path.getmtime(filename)
  File "/home/dev/.local/share/uv/python/cpython-3.10.16-linux-x86_64-gnu/lib/python3.10/genericpath.py", line 55, in getmtime
    return os.stat(filename).st_mtime
FileNotFoundError: [Errno 2] No such file or directory: '/home/dev/work/media/stablediffusion/stable-diffusion-webui-ux-arch/models/Lora/vixon-JBr4v0XLP.safetensors'

reading lora /home/dev/work/media/stablediffusion/stable-diffusion-webui-ux-arch/models/Lora/vixon-jl33XLP.safetensors: FileNotFoundError
Traceback (most recent call last):
  File "/home/dev/work/media/stablediffusion/stable-diffusion-webui-ux-arch/extensions-builtin/Lora/network.py", line 38, in __init__
    self.metadata = cache.cached_data_for_file('safetensors-metadata', "lora/" + self.name, filename, read_metadata)
  File "/home/dev/work/media/stablediffusion/stable-diffusion-webui-ux-arch/modules/cache.py", line 105, in cached_data_for_file
    ondisk_mtime = os.path.getmtime(filename)
  File "/home/dev/.local/share/uv/python/cpython-3.10.16-linux-x86_64-gnu/lib/python3.10/genericpath.py", line 55, in getmtime
    return os.stat(filename).st_mtime
FileNotFoundError: [Errno 2] No such file or directory: '/home/dev/work/media/stablediffusion/stable-diffusion-webui-ux-arch/models/Lora/vixon-jl33XLP.safetensors'

reading lora /home/dev/work/media/stablediffusion/stable-diffusion-webui-ux-arch/models/Lora/vixon-ju1ch3XLP.safetensors: FileNotFoundError
Traceback (most recent call last):
  File "/home/dev/work/media/stablediffusion/stable-diffusion-webui-ux-arch/extensions-builtin/Lora/network.py", line 38, in __init__
    self.metadata = cache.cached_data_for_file('safetensors-metadata', "lora/" + self.name, filename, read_metadata)
  File "/home/dev/work/media/stablediffusion/stable-diffusion-webui-ux-arch/modules/cache.py", line 105, in cached_data_for_file
    ondisk_mtime = os.path.getmtime(filename)
  File "/home/dev/.local/share/uv/python/cpython-3.10.16-linux-x86_64-gnu/lib/python3.10/genericpath.py", line 55, in getmtime
    return os.stat(filename).st_mtime
FileNotFoundError: [Errno 2] No such file or directory: '/home/dev/work/media/stablediffusion/stable-diffusion-webui-ux-arch/models/Lora/vixon-ju1ch3XLP.safetensors'

reading lora /home/dev/work/media/stablediffusion/stable-diffusion-webui-ux-arch/models/Lora/vixon-ju4nGXLP.safetensors: FileNotFoundError
Traceback (most recent call last):
  File "/home/dev/work/media/stablediffusion/stable-diffusion-webui-ux-arch/extensions-builtin/Lora/network.py", line 38, in __init__
    self.metadata = cache.cached_data_for_file('safetensors-metadata', "lora/" + self.name, filename, read_metadata)
  File "/home/dev/work/media/stablediffusion/stable-diffusion-webui-ux-arch/modules/cache.py", line 105, in cached_data_for_file
    ondisk_mtime = os.path.getmtime(filename)
  File "/home/dev/.local/share/uv/python/cpython-3.10.16-linux-x86_64-gnu/lib/python3.10/genericpath.py", line 55, in getmtime
    return os.stat(filename).st_mtime
FileNotFoundError: [Errno 2] No such file or directory: '/home/dev/work/media/stablediffusion/stable-diffusion-webui-ux-arch/models/Lora/vixon-ju4nGXLP.safetensors'

reading lora /home/dev/work/media/stablediffusion/stable-diffusion-webui-ux-arch/models/Lora/vixon-junj11t0XLP.safetensors: FileNotFoundError
Traceback (most recent call last):
  File "/home/dev/work/media/stablediffusion/stable-diffusion-webui-ux-arch/extensions-builtin/Lora/network.py", line 38, in __init__
    self.metadata = cache.cached_data_for_file('safetensors-metadata', "lora/" + self.name, filename, read_metadata)
  File "/home/dev/work/media/stablediffusion/stable-diffusion-webui-ux-arch/modules/cache.py", line 105, in cached_data_for_file
    ondisk_mtime = os.path.getmtime(filename)
  File "/home/dev/.local/share/uv/python/cpython-3.10.16-linux-x86_64-gnu/lib/python3.10/genericpath.py", line 55, in getmtime
    return os.stat(filename).st_mtime
FileNotFoundError: [Errno 2] No such file or directory: '/home/dev/work/media/stablediffusion/stable-diffusion-webui-ux-arch/models/Lora/vixon-junj11t0XLP.safetensors'

reading lora /home/dev/work/media/stablediffusion/stable-diffusion-webui-ux-arch/models/Lora/vixon-k0tt3r1XLP.safetensors: FileNotFoundError
Traceback (most recent call last):
  File "/home/dev/work/media/stablediffusion/stable-diffusion-webui-ux-arch/extensions-builtin/Lora/network.py", line 38, in __init__
    self.metadata = cache.cached_data_for_file('safetensors-metadata', "lora/" + self.name, filename, read_metadata)
  File "/home/dev/work/media/stablediffusion/stable-diffusion-webui-ux-arch/modules/cache.py", line 105, in cached_data_for_file
    ondisk_mtime = os.path.getmtime(filename)
  File "/home/dev/.local/share/uv/python/cpython-3.10.16-linux-x86_64-gnu/lib/python3.10/genericpath.py", line 55, in getmtime
    return os.stat(filename).st_mtime
FileNotFoundError: [Errno 2] No such file or directory: '/home/dev/work/media/stablediffusion/stable-diffusion-webui-ux-arch/models/Lora/vixon-k0tt3r1XLP.safetensors'

reading lora /home/dev/work/media/stablediffusion/stable-diffusion-webui-ux-arch/models/Lora/vixon-K1ntsug1XLP.safetensors: FileNotFoundError
Traceback (most recent call last):
  File "/home/dev/work/media/stablediffusion/stable-diffusion-webui-ux-arch/extensions-builtin/Lora/network.py", line 38, in __init__
    self.metadata = cache.cached_data_for_file('safetensors-metadata', "lora/" + self.name, filename, read_metadata)
  File "/home/dev/work/media/stablediffusion/stable-diffusion-webui-ux-arch/modules/cache.py", line 105, in cached_data_for_file
    ondisk_mtime = os.path.getmtime(filename)
  File "/home/dev/.local/share/uv/python/cpython-3.10.16-linux-x86_64-gnu/lib/python3.10/genericpath.py", line 55, in getmtime
    return os.stat(filename).st_mtime
FileNotFoundError: [Errno 2] No such file or directory: '/home/dev/work/media/stablediffusion/stable-diffusion-webui-ux-arch/models/Lora/vixon-K1ntsug1XLP.safetensors'

reading lora /home/dev/work/media/stablediffusion/stable-diffusion-webui-ux-arch/models/Lora/vixon-kangyannanXLP.safetensors: FileNotFoundError
Traceback (most recent call last):
  File "/home/dev/work/media/stablediffusion/stable-diffusion-webui-ux-arch/extensions-builtin/Lora/network.py", line 38, in __init__
    self.metadata = cache.cached_data_for_file('safetensors-metadata', "lora/" + self.name, filename, read_metadata)
  File "/home/dev/work/media/stablediffusion/stable-diffusion-webui-ux-arch/modules/cache.py", line 105, in cached_data_for_file
    ondisk_mtime = os.path.getmtime(filename)
  File "/home/dev/.local/share/uv/python/cpython-3.10.16-linux-x86_64-gnu/lib/python3.10/genericpath.py", line 55, in getmtime
    return os.stat(filename).st_mtime
FileNotFoundError: [Errno 2] No such file or directory: '/home/dev/work/media/stablediffusion/stable-diffusion-webui-ux-arch/models/Lora/vixon-kangyannanXLP.safetensors'

reading lora /home/dev/work/media/stablediffusion/stable-diffusion-webui-ux-arch/models/Lora/vixon-kl1mtXLP.safetensors: FileNotFoundError
Traceback (most recent call last):
  File "/home/dev/work/media/stablediffusion/stable-diffusion-webui-ux-arch/extensions-builtin/Lora/network.py", line 38, in __init__
    self.metadata = cache.cached_data_for_file('safetensors-metadata', "lora/" + self.name, filename, read_metadata)
  File "/home/dev/work/media/stablediffusion/stable-diffusion-webui-ux-arch/modules/cache.py", line 105, in cached_data_for_file
    ondisk_mtime = os.path.getmtime(filename)
  File "/home/dev/.local/share/uv/python/cpython-3.10.16-linux-x86_64-gnu/lib/python3.10/genericpath.py", line 55, in getmtime
    return os.stat(filename).st_mtime
FileNotFoundError: [Errno 2] No such file or directory: '/home/dev/work/media/stablediffusion/stable-diffusion-webui-ux-arch/models/Lora/vixon-kl1mtXLP.safetensors'

reading lora /home/dev/work/media/stablediffusion/stable-diffusion-webui-ux-arch/models/Lora/vixon-kojimasayaXLP.safetensors: FileNotFoundError
Traceback (most recent call last):
  File "/home/dev/work/media/stablediffusion/stable-diffusion-webui-ux-arch/extensions-builtin/Lora/network.py", line 38, in __init__
    self.metadata = cache.cached_data_for_file('safetensors-metadata', "lora/" + self.name, filename, read_metadata)
  File "/home/dev/work/media/stablediffusion/stable-diffusion-webui-ux-arch/modules/cache.py", line 105, in cached_data_for_file
    ondisk_mtime = os.path.getmtime(filename)
  File "/home/dev/.local/share/uv/python/cpython-3.10.16-linux-x86_64-gnu/lib/python3.10/genericpath.py", line 55, in getmtime
    return os.stat(filename).st_mtime
FileNotFoundError: [Errno 2] No such file or directory: '/home/dev/work/media/stablediffusion/stable-diffusion-webui-ux-arch/models/Lora/vixon-kojimasayaXLP.safetensors'

reading lora /home/dev/work/media/stablediffusion/stable-diffusion-webui-ux-arch/models/Lora/vixon-koujimashikasaXLP.safetensors: FileNotFoundError
Traceback (most recent call last):
  File "/home/dev/work/media/stablediffusion/stable-diffusion-webui-ux-arch/extensions-builtin/Lora/network.py", line 38, in __init__
    self.metadata = cache.cached_data_for_file('safetensors-metadata', "lora/" + self.name, filename, read_metadata)
  File "/home/dev/work/media/stablediffusion/stable-diffusion-webui-ux-arch/modules/cache.py", line 105, in cached_data_for_file
    ondisk_mtime = os.path.getmtime(filename)
  File "/home/dev/.local/share/uv/python/cpython-3.10.16-linux-x86_64-gnu/lib/python3.10/genericpath.py", line 55, in getmtime
    return os.stat(filename).st_mtime
FileNotFoundError: [Errno 2] No such file or directory: '/home/dev/work/media/stablediffusion/stable-diffusion-webui-ux-arch/models/Lora/vixon-koujimashikasaXLP.safetensors'

reading lora /home/dev/work/media/stablediffusion/stable-diffusion-webui-ux-arch/models/Lora/vixon-l0f1XLP.safetensors: FileNotFoundError
Traceback (most recent call last):
  File "/home/dev/work/media/stablediffusion/stable-diffusion-webui-ux-arch/extensions-builtin/Lora/network.py", line 38, in __init__
    self.metadata = cache.cached_data_for_file('safetensors-metadata', "lora/" + self.name, filename, read_metadata)
  File "/home/dev/work/media/stablediffusion/stable-diffusion-webui-ux-arch/modules/cache.py", line 105, in cached_data_for_file
    ondisk_mtime = os.path.getmtime(filename)
  File "/home/dev/.local/share/uv/python/cpython-3.10.16-linux-x86_64-gnu/lib/python3.10/genericpath.py", line 55, in getmtime
    return os.stat(filename).st_mtime
FileNotFoundError: [Errno 2] No such file or directory: '/home/dev/work/media/stablediffusion/stable-diffusion-webui-ux-arch/models/Lora/vixon-l0f1XLP.safetensors'

reading lora /home/dev/work/media/stablediffusion/stable-diffusion-webui-ux-arch/models/Lora/vixon-l1fl4gXLP.safetensors: FileNotFoundError
Traceback (most recent call last):
  File "/home/dev/work/media/stablediffusion/stable-diffusion-webui-ux-arch/extensions-builtin/Lora/network.py", line 38, in __init__
    self.metadata = cache.cached_data_for_file('safetensors-metadata', "lora/" + self.name, filename, read_metadata)
  File "/home/dev/work/media/stablediffusion/stable-diffusion-webui-ux-arch/modules/cache.py", line 105, in cached_data_for_file
    ondisk_mtime = os.path.getmtime(filename)
  File "/home/dev/.local/share/uv/python/cpython-3.10.16-linux-x86_64-gnu/lib/python3.10/genericpath.py", line 55, in getmtime
    return os.stat(filename).st_mtime
FileNotFoundError: [Errno 2] No such file or directory: '/home/dev/work/media/stablediffusion/stable-diffusion-webui-ux-arch/models/Lora/vixon-l1fl4gXLP.safetensors'

reading lora /home/dev/work/media/stablediffusion/stable-diffusion-webui-ux-arch/models/Lora/vixon-l1ghtp41ntXLP.safetensors: FileNotFoundError
Traceback (most recent call last):
  File "/home/dev/work/media/stablediffusion/stable-diffusion-webui-ux-arch/extensions-builtin/Lora/network.py", line 38, in __init__
    self.metadata = cache.cached_data_for_file('safetensors-metadata', "lora/" + self.name, filename, read_metadata)
  File "/home/dev/work/media/stablediffusion/stable-diffusion-webui-ux-arch/modules/cache.py", line 105, in cached_data_for_file
    ondisk_mtime = os.path.getmtime(filename)
  File "/home/dev/.local/share/uv/python/cpython-3.10.16-linux-x86_64-gnu/lib/python3.10/genericpath.py", line 55, in getmtime
    return os.stat(filename).st_mtime
FileNotFoundError: [Errno 2] No such file or directory: '/home/dev/work/media/stablediffusion/stable-diffusion-webui-ux-arch/models/Lora/vixon-l1ghtp41ntXLP.safetensors'

reading lora /home/dev/work/media/stablediffusion/stable-diffusion-webui-ux-arch/models/Lora/vixon-l1zXLP.safetensors: FileNotFoundError
Traceback (most recent call last):
  File "/home/dev/work/media/stablediffusion/stable-diffusion-webui-ux-arch/extensions-builtin/Lora/network.py", line 38, in __init__
    self.metadata = cache.cached_data_for_file('safetensors-metadata', "lora/" + self.name, filename, read_metadata)
  File "/home/dev/work/media/stablediffusion/stable-diffusion-webui-ux-arch/modules/cache.py", line 105, in cached_data_for_file
    ondisk_mtime = os.path.getmtime(filename)
  File "/home/dev/.local/share/uv/python/cpython-3.10.16-linux-x86_64-gnu/lib/python3.10/genericpath.py", line 55, in getmtime
    return os.stat(filename).st_mtime
FileNotFoundError: [Errno 2] No such file or directory: '/home/dev/work/media/stablediffusion/stable-diffusion-webui-ux-arch/models/Lora/vixon-l1zXLP.safetensors'

reading lora /home/dev/work/media/stablediffusion/stable-diffusion-webui-ux-arch/models/Lora/vixon-l4c3sh4d0wXLP.safetensors: FileNotFoundError
Traceback (most recent call last):
  File "/home/dev/work/media/stablediffusion/stable-diffusion-webui-ux-arch/extensions-builtin/Lora/network.py", line 38, in __init__
    self.metadata = cache.cached_data_for_file('safetensors-metadata', "lora/" + self.name, filename, read_metadata)
  File "/home/dev/work/media/stablediffusion/stable-diffusion-webui-ux-arch/modules/cache.py", line 105, in cached_data_for_file
    ondisk_mtime = os.path.getmtime(filename)
  File "/home/dev/.local/share/uv/python/cpython-3.10.16-linux-x86_64-gnu/lib/python3.10/genericpath.py", line 55, in getmtime
    return os.stat(filename).st_mtime
FileNotFoundError: [Errno 2] No such file or directory: '/home/dev/work/media/stablediffusion/stable-diffusion-webui-ux-arch/models/Lora/vixon-l4c3sh4d0wXLP.safetensors'

reading lora /home/dev/work/media/stablediffusion/stable-diffusion-webui-ux-arch/models/Lora/vixon-l414XLP3.safetensors: FileNotFoundError
Traceback (most recent call last):
  File "/home/dev/work/media/stablediffusion/stable-diffusion-webui-ux-arch/extensions-builtin/Lora/network.py", line 38, in __init__
    self.metadata = cache.cached_data_for_file('safetensors-metadata', "lora/" + self.name, filename, read_metadata)
  File "/home/dev/work/media/stablediffusion/stable-diffusion-webui-ux-arch/modules/cache.py", line 105, in cached_data_for_file
    ondisk_mtime = os.path.getmtime(filename)
  File "/home/dev/.local/share/uv/python/cpython-3.10.16-linux-x86_64-gnu/lib/python3.10/genericpath.py", line 55, in getmtime
    return os.stat(filename).st_mtime
FileNotFoundError: [Errno 2] No such file or directory: '/home/dev/work/media/stablediffusion/stable-diffusion-webui-ux-arch/models/Lora/vixon-l414XLP3.safetensors'

reading lora /home/dev/work/media/stablediffusion/stable-diffusion-webui-ux-arch/models/Lora/vixon-luskyXLP.safetensors: FileNotFoundError
Traceback (most recent call last):
  File "/home/dev/work/media/stablediffusion/stable-diffusion-webui-ux-arch/extensions-builtin/Lora/network.py", line 38, in __init__
    self.metadata = cache.cached_data_for_file('safetensors-metadata', "lora/" + self.name, filename, read_metadata)
  File "/home/dev/work/media/stablediffusion/stable-diffusion-webui-ux-arch/modules/cache.py", line 105, in cached_data_for_file
    ondisk_mtime = os.path.getmtime(filename)
  File "/home/dev/.local/share/uv/python/cpython-3.10.16-linux-x86_64-gnu/lib/python3.10/genericpath.py", line 55, in getmtime
    return os.stat(filename).st_mtime
FileNotFoundError: [Errno 2] No such file or directory: '/home/dev/work/media/stablediffusion/stable-diffusion-webui-ux-arch/models/Lora/vixon-luskyXLP.safetensors'

reading lora /home/dev/work/media/stablediffusion/stable-diffusion-webui-ux-arch/models/Lora/vixon-m00dygr33nXLP.safetensors: FileNotFoundError
Traceback (most recent call last):
  File "/home/dev/work/media/stablediffusion/stable-diffusion-webui-ux-arch/extensions-builtin/Lora/network.py", line 38, in __init__
    self.metadata = cache.cached_data_for_file('safetensors-metadata', "lora/" + self.name, filename, read_metadata)
  File "/home/dev/work/media/stablediffusion/stable-diffusion-webui-ux-arch/modules/cache.py", line 105, in cached_data_for_file
    ondisk_mtime = os.path.getmtime(filename)
  File "/home/dev/.local/share/uv/python/cpython-3.10.16-linux-x86_64-gnu/lib/python3.10/genericpath.py", line 55, in getmtime
    return os.stat(filename).st_mtime
FileNotFoundError: [Errno 2] No such file or directory: '/home/dev/work/media/stablediffusion/stable-diffusion-webui-ux-arch/models/Lora/vixon-m00dygr33nXLP.safetensors'

reading lora /home/dev/work/media/stablediffusion/stable-diffusion-webui-ux-arch/models/Lora/vixon-m0n0n0k3XLP.safetensors: FileNotFoundError
Traceback (most recent call last):
  File "/home/dev/work/media/stablediffusion/stable-diffusion-webui-ux-arch/extensions-builtin/Lora/network.py", line 38, in __init__
    self.metadata = cache.cached_data_for_file('safetensors-metadata', "lora/" + self.name, filename, read_metadata)
  File "/home/dev/work/media/stablediffusion/stable-diffusion-webui-ux-arch/modules/cache.py", line 105, in cached_data_for_file
    ondisk_mtime = os.path.getmtime(filename)
  File "/home/dev/.local/share/uv/python/cpython-3.10.16-linux-x86_64-gnu/lib/python3.10/genericpath.py", line 55, in getmtime
    return os.stat(filename).st_mtime
FileNotFoundError: [Errno 2] No such file or directory: '/home/dev/work/media/stablediffusion/stable-diffusion-webui-ux-arch/models/Lora/vixon-m0n0n0k3XLP.safetensors'

reading lora /home/dev/work/media/stablediffusion/stable-diffusion-webui-ux-arch/models/Lora/vixon-m0n3tXLP.safetensors: FileNotFoundError
Traceback (most recent call last):
  File "/home/dev/work/media/stablediffusion/stable-diffusion-webui-ux-arch/extensions-builtin/Lora/network.py", line 38, in __init__
    self.metadata = cache.cached_data_for_file('safetensors-metadata', "lora/" + self.name, filename, read_metadata)
  File "/home/dev/work/media/stablediffusion/stable-diffusion-webui-ux-arch/modules/cache.py", line 105, in cached_data_for_file
    ondisk_mtime = os.path.getmtime(filename)
  File "/home/dev/.local/share/uv/python/cpython-3.10.16-linux-x86_64-gnu/lib/python3.10/genericpath.py", line 55, in getmtime
    return os.stat(filename).st_mtime
FileNotFoundError: [Errno 2] No such file or directory: '/home/dev/work/media/stablediffusion/stable-diffusion-webui-ux-arch/models/Lora/vixon-m0n3tXLP.safetensors'

reading lora /home/dev/work/media/stablediffusion/stable-diffusion-webui-ux-arch/models/Lora/vixon-m1l0mXLP.safetensors: FileNotFoundError
Traceback (most recent call last):
  File "/home/dev/work/media/stablediffusion/stable-diffusion-webui-ux-arch/extensions-builtin/Lora/network.py", line 38, in __init__
    self.metadata = cache.cached_data_for_file('safetensors-metadata', "lora/" + self.name, filename, read_metadata)
  File "/home/dev/work/media/stablediffusion/stable-diffusion-webui-ux-arch/modules/cache.py", line 105, in cached_data_for_file
    ondisk_mtime = os.path.getmtime(filename)
  File "/home/dev/.local/share/uv/python/cpython-3.10.16-linux-x86_64-gnu/lib/python3.10/genericpath.py", line 55, in getmtime
    return os.stat(filename).st_mtime
FileNotFoundError: [Errno 2] No such file or directory: '/home/dev/work/media/stablediffusion/stable-diffusion-webui-ux-arch/models/Lora/vixon-m1l0mXLP.safetensors'

reading lora /home/dev/work/media/stablediffusion/stable-diffusion-webui-ux-arch/models/Lora/vixon-m1nn4XLP.safetensors: FileNotFoundError
Traceback (most recent call last):
  File "/home/dev/work/media/stablediffusion/stable-diffusion-webui-ux-arch/extensions-builtin/Lora/network.py", line 38, in __init__
    self.metadata = cache.cached_data_for_file('safetensors-metadata', "lora/" + self.name, filename, read_metadata)
  File "/home/dev/work/media/stablediffusion/stable-diffusion-webui-ux-arch/modules/cache.py", line 105, in cached_data_for_file
    ondisk_mtime = os.path.getmtime(filename)
  File "/home/dev/.local/share/uv/python/cpython-3.10.16-linux-x86_64-gnu/lib/python3.10/genericpath.py", line 55, in getmtime
    return os.stat(filename).st_mtime
FileNotFoundError: [Errno 2] No such file or directory: '/home/dev/work/media/stablediffusion/stable-diffusion-webui-ux-arch/models/Lora/vixon-m1nn4XLP.safetensors'

reading lora /home/dev/work/media/stablediffusion/stable-diffusion-webui-ux-arch/models/Lora/vixon-m1ntfl4v0r2XLP.safetensors: FileNotFoundError
Traceback (most recent call last):
  File "/home/dev/work/media/stablediffusion/stable-diffusion-webui-ux-arch/extensions-builtin/Lora/network.py", line 38, in __init__
    self.metadata = cache.cached_data_for_file('safetensors-metadata', "lora/" + self.name, filename, read_metadata)
  File "/home/dev/work/media/stablediffusion/stable-diffusion-webui-ux-arch/modules/cache.py", line 105, in cached_data_for_file
    ondisk_mtime = os.path.getmtime(filename)
  File "/home/dev/.local/share/uv/python/cpython-3.10.16-linux-x86_64-gnu/lib/python3.10/genericpath.py", line 55, in getmtime
    return os.stat(filename).st_mtime
FileNotFoundError: [Errno 2] No such file or directory: '/home/dev/work/media/stablediffusion/stable-diffusion-webui-ux-arch/models/Lora/vixon-m1ntfl4v0r2XLP.safetensors'

reading lora /home/dev/work/media/stablediffusion/stable-diffusion-webui-ux-arch/models/Lora/vixon-m03b1usXLP.safetensors: FileNotFoundError
Traceback (most recent call last):
  File "/home/dev/work/media/stablediffusion/stable-diffusion-webui-ux-arch/extensions-builtin/Lora/network.py", line 38, in __init__
    self.metadata = cache.cached_data_for_file('safetensors-metadata', "lora/" + self.name, filename, read_metadata)
  File "/home/dev/work/media/stablediffusion/stable-diffusion-webui-ux-arch/modules/cache.py", line 105, in cached_data_for_file
    ondisk_mtime = os.path.getmtime(filename)
  File "/home/dev/.local/share/uv/python/cpython-3.10.16-linux-x86_64-gnu/lib/python3.10/genericpath.py", line 55, in getmtime
    return os.stat(filename).st_mtime
FileNotFoundError: [Errno 2] No such file or directory: '/home/dev/work/media/stablediffusion/stable-diffusion-webui-ux-arch/models/Lora/vixon-m03b1usXLP.safetensors'

reading lora /home/dev/work/media/stablediffusion/stable-diffusion-webui-ux-arch/models/Lora/vixon-m3y3rXLP.safetensors: FileNotFoundError
Traceback (most recent call last):
  File "/home/dev/work/media/stablediffusion/stable-diffusion-webui-ux-arch/extensions-builtin/Lora/network.py", line 38, in __init__
    self.metadata = cache.cached_data_for_file('safetensors-metadata', "lora/" + self.name, filename, read_metadata)
  File "/home/dev/work/media/stablediffusion/stable-diffusion-webui-ux-arch/modules/cache.py", line 105, in cached_data_for_file
    ondisk_mtime = os.path.getmtime(filename)
  File "/home/dev/.local/share/uv/python/cpython-3.10.16-linux-x86_64-gnu/lib/python3.10/genericpath.py", line 55, in getmtime
    return os.stat(filename).st_mtime
FileNotFoundError: [Errno 2] No such file or directory: '/home/dev/work/media/stablediffusion/stable-diffusion-webui-ux-arch/models/Lora/vixon-m3y3rXLP.safetensors'

reading lora /home/dev/work/media/stablediffusion/stable-diffusion-webui-ux-arch/models/Lora/vixon-m4m31XLP.safetensors: FileNotFoundError
Traceback (most recent call last):
  File "/home/dev/work/media/stablediffusion/stable-diffusion-webui-ux-arch/extensions-builtin/Lora/network.py", line 38, in __init__
    self.metadata = cache.cached_data_for_file('safetensors-metadata', "lora/" + self.name, filename, read_metadata)
  File "/home/dev/work/media/stablediffusion/stable-diffusion-webui-ux-arch/modules/cache.py", line 105, in cached_data_for_file
    ondisk_mtime = os.path.getmtime(filename)
  File "/home/dev/.local/share/uv/python/cpython-3.10.16-linux-x86_64-gnu/lib/python3.10/genericpath.py", line 55, in getmtime
    return os.stat(filename).st_mtime
FileNotFoundError: [Errno 2] No such file or directory: '/home/dev/work/media/stablediffusion/stable-diffusion-webui-ux-arch/models/Lora/vixon-m4m31XLP.safetensors'

reading lora /home/dev/work/media/stablediffusion/stable-diffusion-webui-ux-arch/models/Lora/vixon-MJXLP.safetensors: FileNotFoundError
Traceback (most recent call last):
  File "/home/dev/work/media/stablediffusion/stable-diffusion-webui-ux-arch/extensions-builtin/Lora/network.py", line 38, in __init__
    self.metadata = cache.cached_data_for_file('safetensors-metadata', "lora/" + self.name, filename, read_metadata)
  File "/home/dev/work/media/stablediffusion/stable-diffusion-webui-ux-arch/modules/cache.py", line 105, in cached_data_for_file
    ondisk_mtime = os.path.getmtime(filename)
  File "/home/dev/.local/share/uv/python/cpython-3.10.16-linux-x86_64-gnu/lib/python3.10/genericpath.py", line 55, in getmtime
    return os.stat(filename).st_mtime
FileNotFoundError: [Errno 2] No such file or directory: '/home/dev/work/media/stablediffusion/stable-diffusion-webui-ux-arch/models/Lora/vixon-MJXLP.safetensors'

reading lora /home/dev/work/media/stablediffusion/stable-diffusion-webui-ux-arch/models/Lora/vixon-MONXLP.safetensors: FileNotFoundError
Traceback (most recent call last):
  File "/home/dev/work/media/stablediffusion/stable-diffusion-webui-ux-arch/extensions-builtin/Lora/network.py", line 38, in __init__
    self.metadata = cache.cached_data_for_file('safetensors-metadata', "lora/" + self.name, filename, read_metadata)
  File "/home/dev/work/media/stablediffusion/stable-diffusion-webui-ux-arch/modules/cache.py", line 105, in cached_data_for_file
    ondisk_mtime = os.path.getmtime(filename)
  File "/home/dev/.local/share/uv/python/cpython-3.10.16-linux-x86_64-gnu/lib/python3.10/genericpath.py", line 55, in getmtime
    return os.stat(filename).st_mtime
FileNotFoundError: [Errno 2] No such file or directory: '/home/dev/work/media/stablediffusion/stable-diffusion-webui-ux-arch/models/Lora/vixon-MONXLP.safetensors'

reading lora /home/dev/work/media/stablediffusion/stable-diffusion-webui-ux-arch/models/Lora/vixon-n3gsp4c3XLP.safetensors: FileNotFoundError
Traceback (most recent call last):
  File "/home/dev/work/media/stablediffusion/stable-diffusion-webui-ux-arch/extensions-builtin/Lora/network.py", line 38, in __init__
    self.metadata = cache.cached_data_for_file('safetensors-metadata', "lora/" + self.name, filename, read_metadata)
  File "/home/dev/work/media/stablediffusion/stable-diffusion-webui-ux-arch/modules/cache.py", line 105, in cached_data_for_file
    ondisk_mtime = os.path.getmtime(filename)
  File "/home/dev/.local/share/uv/python/cpython-3.10.16-linux-x86_64-gnu/lib/python3.10/genericpath.py", line 55, in getmtime
    return os.stat(filename).st_mtime
FileNotFoundError: [Errno 2] No such file or directory: '/home/dev/work/media/stablediffusion/stable-diffusion-webui-ux-arch/models/Lora/vixon-n3gsp4c3XLP.safetensors'

reading lora /home/dev/work/media/stablediffusion/stable-diffusion-webui-ux-arch/models/Lora/vixon-n4n40XLP.safetensors: FileNotFoundError
Traceback (most recent call last):
  File "/home/dev/work/media/stablediffusion/stable-diffusion-webui-ux-arch/extensions-builtin/Lora/network.py", line 38, in __init__
    self.metadata = cache.cached_data_for_file('safetensors-metadata', "lora/" + self.name, filename, read_metadata)
  File "/home/dev/work/media/stablediffusion/stable-diffusion-webui-ux-arch/modules/cache.py", line 105, in cached_data_for_file
    ondisk_mtime = os.path.getmtime(filename)
  File "/home/dev/.local/share/uv/python/cpython-3.10.16-linux-x86_64-gnu/lib/python3.10/genericpath.py", line 55, in getmtime
    return os.stat(filename).st_mtime
FileNotFoundError: [Errno 2] No such file or directory: '/home/dev/work/media/stablediffusion/stable-diffusion-webui-ux-arch/models/Lora/vixon-n4n40XLP.safetensors'

reading lora /home/dev/work/media/stablediffusion/stable-diffusion-webui-ux-arch/models/Lora/vixon-natsumehinakoXLP.safetensors: FileNotFoundError
Traceback (most recent call last):
  File "/home/dev/work/media/stablediffusion/stable-diffusion-webui-ux-arch/extensions-builtin/Lora/network.py", line 38, in __init__
    self.metadata = cache.cached_data_for_file('safetensors-metadata', "lora/" + self.name, filename, read_metadata)
  File "/home/dev/work/media/stablediffusion/stable-diffusion-webui-ux-arch/modules/cache.py", line 105, in cached_data_for_file
    ondisk_mtime = os.path.getmtime(filename)
  File "/home/dev/.local/share/uv/python/cpython-3.10.16-linux-x86_64-gnu/lib/python3.10/genericpath.py", line 55, in getmtime
    return os.stat(filename).st_mtime
FileNotFoundError: [Errno 2] No such file or directory: '/home/dev/work/media/stablediffusion/stable-diffusion-webui-ux-arch/models/Lora/vixon-natsumehinakoXLP.safetensors'

reading lora /home/dev/work/media/stablediffusion/stable-diffusion-webui-ux-arch/models/Lora/vixon-nishiedaXLP.safetensors: FileNotFoundError
Traceback (most recent call last):
  File "/home/dev/work/media/stablediffusion/stable-diffusion-webui-ux-arch/extensions-builtin/Lora/network.py", line 38, in __init__
    self.metadata = cache.cached_data_for_file('safetensors-metadata', "lora/" + self.name, filename, read_metadata)
  File "/home/dev/work/media/stablediffusion/stable-diffusion-webui-ux-arch/modules/cache.py", line 105, in cached_data_for_file
    ondisk_mtime = os.path.getmtime(filename)
  File "/home/dev/.local/share/uv/python/cpython-3.10.16-linux-x86_64-gnu/lib/python3.10/genericpath.py", line 55, in getmtime
    return os.stat(filename).st_mtime
FileNotFoundError: [Errno 2] No such file or directory: '/home/dev/work/media/stablediffusion/stable-diffusion-webui-ux-arch/models/Lora/vixon-nishiedaXLP.safetensors'

reading lora /home/dev/work/media/stablediffusion/stable-diffusion-webui-ux-arch/models/Lora/vixon-orionlineXLP.safetensors: FileNotFoundError
Traceback (most recent call last):
  File "/home/dev/work/media/stablediffusion/stable-diffusion-webui-ux-arch/extensions-builtin/Lora/network.py", line 38, in __init__
    self.metadata = cache.cached_data_for_file('safetensors-metadata', "lora/" + self.name, filename, read_metadata)
  File "/home/dev/work/media/stablediffusion/stable-diffusion-webui-ux-arch/modules/cache.py", line 105, in cached_data_for_file
    ondisk_mtime = os.path.getmtime(filename)
  File "/home/dev/.local/share/uv/python/cpython-3.10.16-linux-x86_64-gnu/lib/python3.10/genericpath.py", line 55, in getmtime
    return os.stat(filename).st_mtime
FileNotFoundError: [Errno 2] No such file or directory: '/home/dev/work/media/stablediffusion/stable-diffusion-webui-ux-arch/models/Lora/vixon-orionlineXLP.safetensors'

reading lora /home/dev/work/media/stablediffusion/stable-diffusion-webui-ux-arch/models/Lora/vixon-p3np0v4cXLP.safetensors: FileNotFoundError
Traceback (most recent call last):
  File "/home/dev/work/media/stablediffusion/stable-diffusion-webui-ux-arch/extensions-builtin/Lora/network.py", line 38, in __init__
    self.metadata = cache.cached_data_for_file('safetensors-metadata', "lora/" + self.name, filename, read_metadata)
  File "/home/dev/work/media/stablediffusion/stable-diffusion-webui-ux-arch/modules/cache.py", line 105, in cached_data_for_file
    ondisk_mtime = os.path.getmtime(filename)
  File "/home/dev/.local/share/uv/python/cpython-3.10.16-linux-x86_64-gnu/lib/python3.10/genericpath.py", line 55, in getmtime
    return os.stat(filename).st_mtime
FileNotFoundError: [Errno 2] No such file or directory: '/home/dev/work/media/stablediffusion/stable-diffusion-webui-ux-arch/models/Lora/vixon-p3np0v4cXLP.safetensors'

reading lora /home/dev/work/media/stablediffusion/stable-diffusion-webui-ux-arch/models/Lora/vixon-p3ntc0m1cXLP.safetensors: FileNotFoundError
Traceback (most recent call last):
  File "/home/dev/work/media/stablediffusion/stable-diffusion-webui-ux-arch/extensions-builtin/Lora/network.py", line 38, in __init__
    self.metadata = cache.cached_data_for_file('safetensors-metadata', "lora/" + self.name, filename, read_metadata)
  File "/home/dev/work/media/stablediffusion/stable-diffusion-webui-ux-arch/modules/cache.py", line 105, in cached_data_for_file
    ondisk_mtime = os.path.getmtime(filename)
  File "/home/dev/.local/share/uv/python/cpython-3.10.16-linux-x86_64-gnu/lib/python3.10/genericpath.py", line 55, in getmtime
    return os.stat(filename).st_mtime
FileNotFoundError: [Errno 2] No such file or directory: '/home/dev/work/media/stablediffusion/stable-diffusion-webui-ux-arch/models/Lora/vixon-p3ntc0m1cXLP.safetensors'

reading lora /home/dev/work/media/stablediffusion/stable-diffusion-webui-ux-arch/models/Lora/vixon-p3rf3ctbXLP.safetensors: FileNotFoundError
Traceback (most recent call last):
  File "/home/dev/work/media/stablediffusion/stable-diffusion-webui-ux-arch/extensions-builtin/Lora/network.py", line 38, in __init__
    self.metadata = cache.cached_data_for_file('safetensors-metadata', "lora/" + self.name, filename, read_metadata)
  File "/home/dev/work/media/stablediffusion/stable-diffusion-webui-ux-arch/modules/cache.py", line 105, in cached_data_for_file
    ondisk_mtime = os.path.getmtime(filename)
  File "/home/dev/.local/share/uv/python/cpython-3.10.16-linux-x86_64-gnu/lib/python3.10/genericpath.py", line 55, in getmtime
    return os.stat(filename).st_mtime
FileNotFoundError: [Errno 2] No such file or directory: '/home/dev/work/media/stablediffusion/stable-diffusion-webui-ux-arch/models/Lora/vixon-p3rf3ctbXLP.safetensors'

reading lora /home/dev/work/media/stablediffusion/stable-diffusion-webui-ux-arch/models/Lora/vixon-p3tr4XLP.safetensors: FileNotFoundError
Traceback (most recent call last):
  File "/home/dev/work/media/stablediffusion/stable-diffusion-webui-ux-arch/extensions-builtin/Lora/network.py", line 38, in __init__
    self.metadata = cache.cached_data_for_file('safetensors-metadata', "lora/" + self.name, filename, read_metadata)
  File "/home/dev/work/media/stablediffusion/stable-diffusion-webui-ux-arch/modules/cache.py", line 105, in cached_data_for_file
    ondisk_mtime = os.path.getmtime(filename)
  File "/home/dev/.local/share/uv/python/cpython-3.10.16-linux-x86_64-gnu/lib/python3.10/genericpath.py", line 55, in getmtime
    return os.stat(filename).st_mtime
FileNotFoundError: [Errno 2] No such file or directory: '/home/dev/work/media/stablediffusion/stable-diffusion-webui-ux-arch/models/Lora/vixon-p3tr4XLP.safetensors'

reading lora /home/dev/work/media/stablediffusion/stable-diffusion-webui-ux-arch/models/Lora/vixon-p4l0m4XLP.safetensors: FileNotFoundError
Traceback (most recent call last):
  File "/home/dev/work/media/stablediffusion/stable-diffusion-webui-ux-arch/extensions-builtin/Lora/network.py", line 38, in __init__
    self.metadata = cache.cached_data_for_file('safetensors-metadata', "lora/" + self.name, filename, read_metadata)
  File "/home/dev/work/media/stablediffusion/stable-diffusion-webui-ux-arch/modules/cache.py", line 105, in cached_data_for_file
    ondisk_mtime = os.path.getmtime(filename)
  File "/home/dev/.local/share/uv/python/cpython-3.10.16-linux-x86_64-gnu/lib/python3.10/genericpath.py", line 55, in getmtime
    return os.stat(filename).st_mtime
FileNotFoundError: [Errno 2] No such file or directory: '/home/dev/work/media/stablediffusion/stable-diffusion-webui-ux-arch/models/Lora/vixon-p4l0m4XLP.safetensors'

reading lora /home/dev/work/media/stablediffusion/stable-diffusion-webui-ux-arch/models/Lora/vixon-ph1lt0m4t0XLP.safetensors: FileNotFoundError
Traceback (most recent call last):
  File "/home/dev/work/media/stablediffusion/stable-diffusion-webui-ux-arch/extensions-builtin/Lora/network.py", line 38, in __init__
    self.metadata = cache.cached_data_for_file('safetensors-metadata', "lora/" + self.name, filename, read_metadata)
  File "/home/dev/work/media/stablediffusion/stable-diffusion-webui-ux-arch/modules/cache.py", line 105, in cached_data_for_file
    ondisk_mtime = os.path.getmtime(filename)
  File "/home/dev/.local/share/uv/python/cpython-3.10.16-linux-x86_64-gnu/lib/python3.10/genericpath.py", line 55, in getmtime
    return os.stat(filename).st_mtime
FileNotFoundError: [Errno 2] No such file or directory: '/home/dev/work/media/stablediffusion/stable-diffusion-webui-ux-arch/models/Lora/vixon-ph1lt0m4t0XLP.safetensors'

reading lora /home/dev/work/media/stablediffusion/stable-diffusion-webui-ux-arch/models/Lora/vixon-ph4nt0m01lXLP.safetensors: FileNotFoundError
Traceback (most recent call last):
  File "/home/dev/work/media/stablediffusion/stable-diffusion-webui-ux-arch/extensions-builtin/Lora/network.py", line 38, in __init__
    self.metadata = cache.cached_data_for_file('safetensors-metadata', "lora/" + self.name, filename, read_metadata)
  File "/home/dev/work/media/stablediffusion/stable-diffusion-webui-ux-arch/modules/cache.py", line 105, in cached_data_for_file
    ondisk_mtime = os.path.getmtime(filename)
  File "/home/dev/.local/share/uv/python/cpython-3.10.16-linux-x86_64-gnu/lib/python3.10/genericpath.py", line 55, in getmtime
    return os.stat(filename).st_mtime
FileNotFoundError: [Errno 2] No such file or directory: '/home/dev/work/media/stablediffusion/stable-diffusion-webui-ux-arch/models/Lora/vixon-ph4nt0m01lXLP.safetensors'

reading lora /home/dev/work/media/stablediffusion/stable-diffusion-webui-ux-arch/models/Lora/vixon-prywXLP.safetensors: FileNotFoundError
Traceback (most recent call last):
  File "/home/dev/work/media/stablediffusion/stable-diffusion-webui-ux-arch/extensions-builtin/Lora/network.py", line 38, in __init__
    self.metadata = cache.cached_data_for_file('safetensors-metadata', "lora/" + self.name, filename, read_metadata)
  File "/home/dev/work/media/stablediffusion/stable-diffusion-webui-ux-arch/modules/cache.py", line 105, in cached_data_for_file
    ondisk_mtime = os.path.getmtime(filename)
  File "/home/dev/.local/share/uv/python/cpython-3.10.16-linux-x86_64-gnu/lib/python3.10/genericpath.py", line 55, in getmtime
    return os.stat(filename).st_mtime
FileNotFoundError: [Errno 2] No such file or directory: '/home/dev/work/media/stablediffusion/stable-diffusion-webui-ux-arch/models/Lora/vixon-prywXLP.safetensors'

reading lora /home/dev/work/media/stablediffusion/stable-diffusion-webui-ux-arch/models/Lora/vixon-r3tr0XLP.safetensors: FileNotFoundError
Traceback (most recent call last):
  File "/home/dev/work/media/stablediffusion/stable-diffusion-webui-ux-arch/extensions-builtin/Lora/network.py", line 38, in __init__
    self.metadata = cache.cached_data_for_file('safetensors-metadata', "lora/" + self.name, filename, read_metadata)
  File "/home/dev/work/media/stablediffusion/stable-diffusion-webui-ux-arch/modules/cache.py", line 105, in cached_data_for_file
    ondisk_mtime = os.path.getmtime(filename)
  File "/home/dev/.local/share/uv/python/cpython-3.10.16-linux-x86_64-gnu/lib/python3.10/genericpath.py", line 55, in getmtime
    return os.stat(filename).st_mtime
FileNotFoundError: [Errno 2] No such file or directory: '/home/dev/work/media/stablediffusion/stable-diffusion-webui-ux-arch/models/Lora/vixon-r3tr0XLP.safetensors'

reading lora /home/dev/work/media/stablediffusion/stable-diffusion-webui-ux-arch/models/Lora/vixon-rdjXLP.safetensors: FileNotFoundError
Traceback (most recent call last):
  File "/home/dev/work/media/stablediffusion/stable-diffusion-webui-ux-arch/extensions-builtin/Lora/network.py", line 38, in __init__
    self.metadata = cache.cached_data_for_file('safetensors-metadata', "lora/" + self.name, filename, read_metadata)
  File "/home/dev/work/media/stablediffusion/stable-diffusion-webui-ux-arch/modules/cache.py", line 105, in cached_data_for_file
    ondisk_mtime = os.path.getmtime(filename)
  File "/home/dev/.local/share/uv/python/cpython-3.10.16-linux-x86_64-gnu/lib/python3.10/genericpath.py", line 55, in getmtime
    return os.stat(filename).st_mtime
FileNotFoundError: [Errno 2] No such file or directory: '/home/dev/work/media/stablediffusion/stable-diffusion-webui-ux-arch/models/Lora/vixon-rdjXLP.safetensors'

reading lora /home/dev/work/media/stablediffusion/stable-diffusion-webui-ux-arch/models/Lora/vixon-rm0g3r4XLP.safetensors: FileNotFoundError
Traceback (most recent call last):
  File "/home/dev/work/media/stablediffusion/stable-diffusion-webui-ux-arch/extensions-builtin/Lora/network.py", line 38, in __init__
    self.metadata = cache.cached_data_for_file('safetensors-metadata', "lora/" + self.name, filename, read_metadata)
  File "/home/dev/work/media/stablediffusion/stable-diffusion-webui-ux-arch/modules/cache.py", line 105, in cached_data_for_file
    ondisk_mtime = os.path.getmtime(filename)
  File "/home/dev/.local/share/uv/python/cpython-3.10.16-linux-x86_64-gnu/lib/python3.10/genericpath.py", line 55, in getmtime
    return os.stat(filename).st_mtime
FileNotFoundError: [Errno 2] No such file or directory: '/home/dev/work/media/stablediffusion/stable-diffusion-webui-ux-arch/models/Lora/vixon-rm0g3r4XLP.safetensors'

reading lora /home/dev/work/media/stablediffusion/stable-diffusion-webui-ux-arch/models/Lora/vixon-s0ftf41ryXLP.safetensors: FileNotFoundError
Traceback (most recent call last):
  File "/home/dev/work/media/stablediffusion/stable-diffusion-webui-ux-arch/extensions-builtin/Lora/network.py", line 38, in __init__
    self.metadata = cache.cached_data_for_file('safetensors-metadata', "lora/" + self.name, filename, read_metadata)
  File "/home/dev/work/media/stablediffusion/stable-diffusion-webui-ux-arch/modules/cache.py", line 105, in cached_data_for_file
    ondisk_mtime = os.path.getmtime(filename)
  File "/home/dev/.local/share/uv/python/cpython-3.10.16-linux-x86_64-gnu/lib/python3.10/genericpath.py", line 55, in getmtime
    return os.stat(filename).st_mtime
FileNotFoundError: [Errno 2] No such file or directory: '/home/dev/work/media/stablediffusion/stable-diffusion-webui-ux-arch/models/Lora/vixon-s0ftf41ryXLP.safetensors'

reading lora /home/dev/work/media/stablediffusion/stable-diffusion-webui-ux-arch/models/Lora/vixon-s0mXLP.safetensors: FileNotFoundError
Traceback (most recent call last):
  File "/home/dev/work/media/stablediffusion/stable-diffusion-webui-ux-arch/extensions-builtin/Lora/network.py", line 38, in __init__
    self.metadata = cache.cached_data_for_file('safetensors-metadata', "lora/" + self.name, filename, read_metadata)
  File "/home/dev/work/media/stablediffusion/stable-diffusion-webui-ux-arch/modules/cache.py", line 105, in cached_data_for_file
    ondisk_mtime = os.path.getmtime(filename)
  File "/home/dev/.local/share/uv/python/cpython-3.10.16-linux-x86_64-gnu/lib/python3.10/genericpath.py", line 55, in getmtime
    return os.stat(filename).st_mtime
FileNotFoundError: [Errno 2] No such file or directory: '/home/dev/work/media/stablediffusion/stable-diffusion-webui-ux-arch/models/Lora/vixon-s0mXLP.safetensors'

reading lora /home/dev/work/media/stablediffusion/stable-diffusion-webui-ux-arch/models/Lora/vixon-SebMcKinnonPXL.safetensors: FileNotFoundError
Traceback (most recent call last):
  File "/home/dev/work/media/stablediffusion/stable-diffusion-webui-ux-arch/extensions-builtin/Lora/network.py", line 38, in __init__
    self.metadata = cache.cached_data_for_file('safetensors-metadata', "lora/" + self.name, filename, read_metadata)
  File "/home/dev/work/media/stablediffusion/stable-diffusion-webui-ux-arch/modules/cache.py", line 105, in cached_data_for_file
    ondisk_mtime = os.path.getmtime(filename)
  File "/home/dev/.local/share/uv/python/cpython-3.10.16-linux-x86_64-gnu/lib/python3.10/genericpath.py", line 55, in getmtime
    return os.stat(filename).st_mtime
FileNotFoundError: [Errno 2] No such file or directory: '/home/dev/work/media/stablediffusion/stable-diffusion-webui-ux-arch/models/Lora/vixon-SebMcKinnonPXL.safetensors'

reading lora /home/dev/work/media/stablediffusion/stable-diffusion-webui-ux-arch/models/Lora/vixon-Sh1r3nXLP.safetensors: FileNotFoundError
Traceback (most recent call last):
  File "/home/dev/work/media/stablediffusion/stable-diffusion-webui-ux-arch/extensions-builtin/Lora/network.py", line 38, in __init__
    self.metadata = cache.cached_data_for_file('safetensors-metadata', "lora/" + self.name, filename, read_metadata)
  File "/home/dev/work/media/stablediffusion/stable-diffusion-webui-ux-arch/modules/cache.py", line 105, in cached_data_for_file
    ondisk_mtime = os.path.getmtime(filename)
  File "/home/dev/.local/share/uv/python/cpython-3.10.16-linux-x86_64-gnu/lib/python3.10/genericpath.py", line 55, in getmtime
    return os.stat(filename).st_mtime
FileNotFoundError: [Errno 2] No such file or directory: '/home/dev/work/media/stablediffusion/stable-diffusion-webui-ux-arch/models/Lora/vixon-Sh1r3nXLP.safetensors'

reading lora /home/dev/work/media/stablediffusion/stable-diffusion-webui-ux-arch/models/Lora/vixon-sixplusoneXLP.safetensors: FileNotFoundError
Traceback (most recent call last):
  File "/home/dev/work/media/stablediffusion/stable-diffusion-webui-ux-arch/extensions-builtin/Lora/network.py", line 38, in __init__
    self.metadata = cache.cached_data_for_file('safetensors-metadata', "lora/" + self.name, filename, read_metadata)
  File "/home/dev/work/media/stablediffusion/stable-diffusion-webui-ux-arch/modules/cache.py", line 105, in cached_data_for_file
    ondisk_mtime = os.path.getmtime(filename)
  File "/home/dev/.local/share/uv/python/cpython-3.10.16-linux-x86_64-gnu/lib/python3.10/genericpath.py", line 55, in getmtime
    return os.stat(filename).st_mtime
FileNotFoundError: [Errno 2] No such file or directory: '/home/dev/work/media/stablediffusion/stable-diffusion-webui-ux-arch/models/Lora/vixon-sixplusoneXLP.safetensors'

reading lora /home/dev/work/media/stablediffusion/stable-diffusion-webui-ux-arch/models/Lora/vixon-sk3tchw4t3rXLP2.safetensors: FileNotFoundError
Traceback (most recent call last):
  File "/home/dev/work/media/stablediffusion/stable-diffusion-webui-ux-arch/extensions-builtin/Lora/network.py", line 38, in __init__
    self.metadata = cache.cached_data_for_file('safetensors-metadata', "lora/" + self.name, filename, read_metadata)
  File "/home/dev/work/media/stablediffusion/stable-diffusion-webui-ux-arch/modules/cache.py", line 105, in cached_data_for_file
    ondisk_mtime = os.path.getmtime(filename)
  File "/home/dev/.local/share/uv/python/cpython-3.10.16-linux-x86_64-gnu/lib/python3.10/genericpath.py", line 55, in getmtime
    return os.stat(filename).st_mtime
FileNotFoundError: [Errno 2] No such file or directory: '/home/dev/work/media/stablediffusion/stable-diffusion-webui-ux-arch/models/Lora/vixon-sk3tchw4t3rXLP2.safetensors'

reading lora /home/dev/work/media/stablediffusion/stable-diffusion-webui-ux-arch/models/Lora/vixon-soranamaeXLP.safetensors: FileNotFoundError
Traceback (most recent call last):
  File "/home/dev/work/media/stablediffusion/stable-diffusion-webui-ux-arch/extensions-builtin/Lora/network.py", line 38, in __init__
    self.metadata = cache.cached_data_for_file('safetensors-metadata', "lora/" + self.name, filename, read_metadata)
  File "/home/dev/work/media/stablediffusion/stable-diffusion-webui-ux-arch/modules/cache.py", line 105, in cached_data_for_file
    ondisk_mtime = os.path.getmtime(filename)
  File "/home/dev/.local/share/uv/python/cpython-3.10.16-linux-x86_64-gnu/lib/python3.10/genericpath.py", line 55, in getmtime
    return os.stat(filename).st_mtime
FileNotFoundError: [Errno 2] No such file or directory: '/home/dev/work/media/stablediffusion/stable-diffusion-webui-ux-arch/models/Lora/vixon-soranamaeXLP.safetensors'

reading lora /home/dev/work/media/stablediffusion/stable-diffusion-webui-ux-arch/models/Lora/vixon-SoulEaterXLP.safetensors: FileNotFoundError
Traceback (most recent call last):
  File "/home/dev/work/media/stablediffusion/stable-diffusion-webui-ux-arch/extensions-builtin/Lora/network.py", line 38, in __init__
    self.metadata = cache.cached_data_for_file('safetensors-metadata', "lora/" + self.name, filename, read_metadata)
  File "/home/dev/work/media/stablediffusion/stable-diffusion-webui-ux-arch/modules/cache.py", line 105, in cached_data_for_file
    ondisk_mtime = os.path.getmtime(filename)
  File "/home/dev/.local/share/uv/python/cpython-3.10.16-linux-x86_64-gnu/lib/python3.10/genericpath.py", line 55, in getmtime
    return os.stat(filename).st_mtime
FileNotFoundError: [Errno 2] No such file or directory: '/home/dev/work/media/stablediffusion/stable-diffusion-webui-ux-arch/models/Lora/vixon-SoulEaterXLP.safetensors'

reading lora /home/dev/work/media/stablediffusion/stable-diffusion-webui-ux-arch/models/Lora/vixon-st4t1ctvXLP.safetensors: FileNotFoundError
Traceback (most recent call last):
  File "/home/dev/work/media/stablediffusion/stable-diffusion-webui-ux-arch/extensions-builtin/Lora/network.py", line 38, in __init__
    self.metadata = cache.cached_data_for_file('safetensors-metadata', "lora/" + self.name, filename, read_metadata)
  File "/home/dev/work/media/stablediffusion/stable-diffusion-webui-ux-arch/modules/cache.py", line 105, in cached_data_for_file
    ondisk_mtime = os.path.getmtime(filename)
  File "/home/dev/.local/share/uv/python/cpython-3.10.16-linux-x86_64-gnu/lib/python3.10/genericpath.py", line 55, in getmtime
    return os.stat(filename).st_mtime
FileNotFoundError: [Errno 2] No such file or directory: '/home/dev/work/media/stablediffusion/stable-diffusion-webui-ux-arch/models/Lora/vixon-st4t1ctvXLP.safetensors'

reading lora /home/dev/work/media/stablediffusion/stable-diffusion-webui-ux-arch/models/Lora/vixon-Str1pp3r3ll4XLP.safetensors: FileNotFoundError
Traceback (most recent call last):
  File "/home/dev/work/media/stablediffusion/stable-diffusion-webui-ux-arch/extensions-builtin/Lora/network.py", line 38, in __init__
    self.metadata = cache.cached_data_for_file('safetensors-metadata', "lora/" + self.name, filename, read_metadata)
  File "/home/dev/work/media/stablediffusion/stable-diffusion-webui-ux-arch/modules/cache.py", line 105, in cached_data_for_file
    ondisk_mtime = os.path.getmtime(filename)
  File "/home/dev/.local/share/uv/python/cpython-3.10.16-linux-x86_64-gnu/lib/python3.10/genericpath.py", line 55, in getmtime
    return os.stat(filename).st_mtime
FileNotFoundError: [Errno 2] No such file or directory: '/home/dev/work/media/stablediffusion/stable-diffusion-webui-ux-arch/models/Lora/vixon-Str1pp3r3ll4XLP.safetensors'

reading lora /home/dev/work/media/stablediffusion/stable-diffusion-webui-ux-arch/models/Lora/vixon-Sul31m4n0vXLP.safetensors: FileNotFoundError
Traceback (most recent call last):
  File "/home/dev/work/media/stablediffusion/stable-diffusion-webui-ux-arch/extensions-builtin/Lora/network.py", line 38, in __init__
    self.metadata = cache.cached_data_for_file('safetensors-metadata', "lora/" + self.name, filename, read_metadata)
  File "/home/dev/work/media/stablediffusion/stable-diffusion-webui-ux-arch/modules/cache.py", line 105, in cached_data_for_file
    ondisk_mtime = os.path.getmtime(filename)
  File "/home/dev/.local/share/uv/python/cpython-3.10.16-linux-x86_64-gnu/lib/python3.10/genericpath.py", line 55, in getmtime
    return os.stat(filename).st_mtime
FileNotFoundError: [Errno 2] No such file or directory: '/home/dev/work/media/stablediffusion/stable-diffusion-webui-ux-arch/models/Lora/vixon-Sul31m4n0vXLP.safetensors'

reading lora /home/dev/work/media/stablediffusion/stable-diffusion-webui-ux-arch/models/Lora/vixon-sungm00XLP.safetensors: FileNotFoundError
Traceback (most recent call last):
  File "/home/dev/work/media/stablediffusion/stable-diffusion-webui-ux-arch/extensions-builtin/Lora/network.py", line 38, in __init__
    self.metadata = cache.cached_data_for_file('safetensors-metadata', "lora/" + self.name, filename, read_metadata)
  File "/home/dev/work/media/stablediffusion/stable-diffusion-webui-ux-arch/modules/cache.py", line 105, in cached_data_for_file
    ondisk_mtime = os.path.getmtime(filename)
  File "/home/dev/.local/share/uv/python/cpython-3.10.16-linux-x86_64-gnu/lib/python3.10/genericpath.py", line 55, in getmtime
    return os.stat(filename).st_mtime
FileNotFoundError: [Errno 2] No such file or directory: '/home/dev/work/media/stablediffusion/stable-diffusion-webui-ux-arch/models/Lora/vixon-sungm00XLP.safetensors'

reading lora /home/dev/work/media/stablediffusion/stable-diffusion-webui-ux-arch/models/Lora/vixon-sw4pXLP.safetensors: FileNotFoundError
Traceback (most recent call last):
  File "/home/dev/work/media/stablediffusion/stable-diffusion-webui-ux-arch/extensions-builtin/Lora/network.py", line 38, in __init__
    self.metadata = cache.cached_data_for_file('safetensors-metadata', "lora/" + self.name, filename, read_metadata)
  File "/home/dev/work/media/stablediffusion/stable-diffusion-webui-ux-arch/modules/cache.py", line 105, in cached_data_for_file
    ondisk_mtime = os.path.getmtime(filename)
  File "/home/dev/.local/share/uv/python/cpython-3.10.16-linux-x86_64-gnu/lib/python3.10/genericpath.py", line 55, in getmtime
    return os.stat(filename).st_mtime
FileNotFoundError: [Errno 2] No such file or directory: '/home/dev/work/media/stablediffusion/stable-diffusion-webui-ux-arch/models/Lora/vixon-sw4pXLP.safetensors'

reading lora /home/dev/work/media/stablediffusion/stable-diffusion-webui-ux-arch/models/Lora/vixon-T0n1XLP.safetensors: FileNotFoundError
Traceback (most recent call last):
  File "/home/dev/work/media/stablediffusion/stable-diffusion-webui-ux-arch/extensions-builtin/Lora/network.py", line 38, in __init__
    self.metadata = cache.cached_data_for_file('safetensors-metadata', "lora/" + self.name, filename, read_metadata)
  File "/home/dev/work/media/stablediffusion/stable-diffusion-webui-ux-arch/modules/cache.py", line 105, in cached_data_for_file
    ondisk_mtime = os.path.getmtime(filename)
  File "/home/dev/.local/share/uv/python/cpython-3.10.16-linux-x86_64-gnu/lib/python3.10/genericpath.py", line 55, in getmtime
    return os.stat(filename).st_mtime
FileNotFoundError: [Errno 2] No such file or directory: '/home/dev/work/media/stablediffusion/stable-diffusion-webui-ux-arch/models/Lora/vixon-T0n1XLP.safetensors'

reading lora /home/dev/work/media/stablediffusion/stable-diffusion-webui-ux-arch/models/Lora/vixon-tetrodotoxinXLP.safetensors: FileNotFoundError
Traceback (most recent call last):
  File "/home/dev/work/media/stablediffusion/stable-diffusion-webui-ux-arch/extensions-builtin/Lora/network.py", line 38, in __init__
    self.metadata = cache.cached_data_for_file('safetensors-metadata', "lora/" + self.name, filename, read_metadata)
  File "/home/dev/work/media/stablediffusion/stable-diffusion-webui-ux-arch/modules/cache.py", line 105, in cached_data_for_file
    ondisk_mtime = os.path.getmtime(filename)
  File "/home/dev/.local/share/uv/python/cpython-3.10.16-linux-x86_64-gnu/lib/python3.10/genericpath.py", line 55, in getmtime
    return os.stat(filename).st_mtime
FileNotFoundError: [Errno 2] No such file or directory: '/home/dev/work/media/stablediffusion/stable-diffusion-webui-ux-arch/models/Lora/vixon-tetrodotoxinXLP.safetensors'

reading lora /home/dev/work/media/stablediffusion/stable-diffusion-webui-ux-arch/models/Lora/vixon-tsp13sXLP.safetensors: FileNotFoundError
Traceback (most recent call last):
  File "/home/dev/work/media/stablediffusion/stable-diffusion-webui-ux-arch/extensions-builtin/Lora/network.py", line 38, in __init__
    self.metadata = cache.cached_data_for_file('safetensors-metadata', "lora/" + self.name, filename, read_metadata)
  File "/home/dev/work/media/stablediffusion/stable-diffusion-webui-ux-arch/modules/cache.py", line 105, in cached_data_for_file
    ondisk_mtime = os.path.getmtime(filename)
  File "/home/dev/.local/share/uv/python/cpython-3.10.16-linux-x86_64-gnu/lib/python3.10/genericpath.py", line 55, in getmtime
    return os.stat(filename).st_mtime
FileNotFoundError: [Errno 2] No such file or directory: '/home/dev/work/media/stablediffusion/stable-diffusion-webui-ux-arch/models/Lora/vixon-tsp13sXLP.safetensors'

reading lora /home/dev/work/media/stablediffusion/stable-diffusion-webui-ux-arch/models/Lora/vixon-UNW3LLXLP.safetensors: FileNotFoundError
Traceback (most recent call last):
  File "/home/dev/work/media/stablediffusion/stable-diffusion-webui-ux-arch/extensions-builtin/Lora/network.py", line 38, in __init__
    self.metadata = cache.cached_data_for_file('safetensors-metadata', "lora/" + self.name, filename, read_metadata)
  File "/home/dev/work/media/stablediffusion/stable-diffusion-webui-ux-arch/modules/cache.py", line 105, in cached_data_for_file
    ondisk_mtime = os.path.getmtime(filename)
  File "/home/dev/.local/share/uv/python/cpython-3.10.16-linux-x86_64-gnu/lib/python3.10/genericpath.py", line 55, in getmtime
    return os.stat(filename).st_mtime
FileNotFoundError: [Errno 2] No such file or directory: '/home/dev/work/media/stablediffusion/stable-diffusion-webui-ux-arch/models/Lora/vixon-UNW3LLXLP.safetensors'

reading lora /home/dev/work/media/stablediffusion/stable-diffusion-webui-ux-arch/models/Lora/vixon-V3n3t14nXLP2.safetensors: FileNotFoundError
Traceback (most recent call last):
  File "/home/dev/work/media/stablediffusion/stable-diffusion-webui-ux-arch/extensions-builtin/Lora/network.py", line 38, in __init__
    self.metadata = cache.cached_data_for_file('safetensors-metadata', "lora/" + self.name, filename, read_metadata)
  File "/home/dev/work/media/stablediffusion/stable-diffusion-webui-ux-arch/modules/cache.py", line 105, in cached_data_for_file
    ondisk_mtime = os.path.getmtime(filename)
  File "/home/dev/.local/share/uv/python/cpython-3.10.16-linux-x86_64-gnu/lib/python3.10/genericpath.py", line 55, in getmtime
    return os.stat(filename).st_mtime
FileNotFoundError: [Errno 2] No such file or directory: '/home/dev/work/media/stablediffusion/stable-diffusion-webui-ux-arch/models/Lora/vixon-V3n3t14nXLP2.safetensors'

reading lora /home/dev/work/media/stablediffusion/stable-diffusion-webui-ux-arch/models/Lora/vixon-v4mp3r3ll4XLP.safetensors: FileNotFoundError
Traceback (most recent call last):
  File "/home/dev/work/media/stablediffusion/stable-diffusion-webui-ux-arch/extensions-builtin/Lora/network.py", line 38, in __init__
    self.metadata = cache.cached_data_for_file('safetensors-metadata', "lora/" + self.name, filename, read_metadata)
  File "/home/dev/work/media/stablediffusion/stable-diffusion-webui-ux-arch/modules/cache.py", line 105, in cached_data_for_file
    ondisk_mtime = os.path.getmtime(filename)
  File "/home/dev/.local/share/uv/python/cpython-3.10.16-linux-x86_64-gnu/lib/python3.10/genericpath.py", line 55, in getmtime
    return os.stat(filename).st_mtime
FileNotFoundError: [Errno 2] No such file or directory: '/home/dev/work/media/stablediffusion/stable-diffusion-webui-ux-arch/models/Lora/vixon-v4mp3r3ll4XLP.safetensors'

reading lora /home/dev/work/media/stablediffusion/stable-diffusion-webui-ux-arch/models/Lora/vixon-v10l3tXLP.safetensors: FileNotFoundError
Traceback (most recent call last):
  File "/home/dev/work/media/stablediffusion/stable-diffusion-webui-ux-arch/extensions-builtin/Lora/network.py", line 38, in __init__
    self.metadata = cache.cached_data_for_file('safetensors-metadata', "lora/" + self.name, filename, read_metadata)
  File "/home/dev/work/media/stablediffusion/stable-diffusion-webui-ux-arch/modules/cache.py", line 105, in cached_data_for_file
    ondisk_mtime = os.path.getmtime(filename)
  File "/home/dev/.local/share/uv/python/cpython-3.10.16-linux-x86_64-gnu/lib/python3.10/genericpath.py", line 55, in getmtime
    return os.stat(filename).st_mtime
FileNotFoundError: [Errno 2] No such file or directory: '/home/dev/work/media/stablediffusion/stable-diffusion-webui-ux-arch/models/Lora/vixon-v10l3tXLP.safetensors'

reading lora /home/dev/work/media/stablediffusion/stable-diffusion-webui-ux-arch/models/Lora/vixon-w1ll4bXLP.safetensors: FileNotFoundError
Traceback (most recent call last):
  File "/home/dev/work/media/stablediffusion/stable-diffusion-webui-ux-arch/extensions-builtin/Lora/network.py", line 38, in __init__
    self.metadata = cache.cached_data_for_file('safetensors-metadata', "lora/" + self.name, filename, read_metadata)
  File "/home/dev/work/media/stablediffusion/stable-diffusion-webui-ux-arch/modules/cache.py", line 105, in cached_data_for_file
    ondisk_mtime = os.path.getmtime(filename)
  File "/home/dev/.local/share/uv/python/cpython-3.10.16-linux-x86_64-gnu/lib/python3.10/genericpath.py", line 55, in getmtime
    return os.stat(filename).st_mtime
FileNotFoundError: [Errno 2] No such file or directory: '/home/dev/work/media/stablediffusion/stable-diffusion-webui-ux-arch/models/Lora/vixon-w1ll4bXLP.safetensors'

reading lora /home/dev/work/media/stablediffusion/stable-diffusion-webui-ux-arch/models/Lora/vixon-w4t3rc0l0urXLP.safetensors: FileNotFoundError
Traceback (most recent call last):
  File "/home/dev/work/media/stablediffusion/stable-diffusion-webui-ux-arch/extensions-builtin/Lora/network.py", line 38, in __init__
    self.metadata = cache.cached_data_for_file('safetensors-metadata', "lora/" + self.name, filename, read_metadata)
  File "/home/dev/work/media/stablediffusion/stable-diffusion-webui-ux-arch/modules/cache.py", line 105, in cached_data_for_file
    ondisk_mtime = os.path.getmtime(filename)
  File "/home/dev/.local/share/uv/python/cpython-3.10.16-linux-x86_64-gnu/lib/python3.10/genericpath.py", line 55, in getmtime
    return os.stat(filename).st_mtime
FileNotFoundError: [Errno 2] No such file or directory: '/home/dev/work/media/stablediffusion/stable-diffusion-webui-ux-arch/models/Lora/vixon-w4t3rc0l0urXLP.safetensors'

reading lora /home/dev/work/media/stablediffusion/stable-diffusion-webui-ux-arch/models/Lora/vixon-wh33z13XLP.safetensors: FileNotFoundError
Traceback (most recent call last):
  File "/home/dev/work/media/stablediffusion/stable-diffusion-webui-ux-arch/extensions-builtin/Lora/network.py", line 38, in __init__
    self.metadata = cache.cached_data_for_file('safetensors-metadata', "lora/" + self.name, filename, read_metadata)
  File "/home/dev/work/media/stablediffusion/stable-diffusion-webui-ux-arch/modules/cache.py", line 105, in cached_data_for_file
    ondisk_mtime = os.path.getmtime(filename)
  File "/home/dev/.local/share/uv/python/cpython-3.10.16-linux-x86_64-gnu/lib/python3.10/genericpath.py", line 55, in getmtime
    return os.stat(filename).st_mtime
FileNotFoundError: [Errno 2] No such file or directory: '/home/dev/work/media/stablediffusion/stable-diffusion-webui-ux-arch/models/Lora/vixon-wh33z13XLP.safetensors'

reading lora /home/dev/work/media/stablediffusion/stable-diffusion-webui-ux-arch/models/Lora/vixon-win98XLP.safetensors: FileNotFoundError
Traceback (most recent call last):
  File "/home/dev/work/media/stablediffusion/stable-diffusion-webui-ux-arch/extensions-builtin/Lora/network.py", line 38, in __init__
    self.metadata = cache.cached_data_for_file('safetensors-metadata', "lora/" + self.name, filename, read_metadata)
  File "/home/dev/work/media/stablediffusion/stable-diffusion-webui-ux-arch/modules/cache.py", line 105, in cached_data_for_file
    ondisk_mtime = os.path.getmtime(filename)
  File "/home/dev/.local/share/uv/python/cpython-3.10.16-linux-x86_64-gnu/lib/python3.10/genericpath.py", line 55, in getmtime
    return os.stat(filename).st_mtime
FileNotFoundError: [Errno 2] No such file or directory: '/home/dev/work/media/stablediffusion/stable-diffusion-webui-ux-arch/models/Lora/vixon-win98XLP.safetensors'

reading lora /home/dev/work/media/stablediffusion/stable-diffusion-webui-ux-arch/models/Lora/vixon-yum4rtXLP.safetensors: FileNotFoundError
Traceback (most recent call last):
  File "/home/dev/work/media/stablediffusion/stable-diffusion-webui-ux-arch/extensions-builtin/Lora/network.py", line 38, in __init__
    self.metadata = cache.cached_data_for_file('safetensors-metadata', "lora/" + self.name, filename, read_metadata)
  File "/home/dev/work/media/stablediffusion/stable-diffusion-webui-ux-arch/modules/cache.py", line 105, in cached_data_for_file
    ondisk_mtime = os.path.getmtime(filename)
  File "/home/dev/.local/share/uv/python/cpython-3.10.16-linux-x86_64-gnu/lib/python3.10/genericpath.py", line 55, in getmtime
    return os.stat(filename).st_mtime
FileNotFoundError: [Errno 2] No such file or directory: '/home/dev/work/media/stablediffusion/stable-diffusion-webui-ux-arch/models/Lora/vixon-yum4rtXLP.safetensors'

reading lora /home/dev/work/media/stablediffusion/stable-diffusion-webui-ux-arch/models/Lora/Vr4zkar.safetensors: FileNotFoundError
Traceback (most recent call last):
  File "/home/dev/work/media/stablediffusion/stable-diffusion-webui-ux-arch/extensions-builtin/Lora/network.py", line 38, in __init__
    self.metadata = cache.cached_data_for_file('safetensors-metadata', "lora/" + self.name, filename, read_metadata)
  File "/home/dev/work/media/stablediffusion/stable-diffusion-webui-ux-arch/modules/cache.py", line 105, in cached_data_for_file
    ondisk_mtime = os.path.getmtime(filename)
  File "/home/dev/.local/share/uv/python/cpython-3.10.16-linux-x86_64-gnu/lib/python3.10/genericpath.py", line 55, in getmtime
    return os.stat(filename).st_mtime
FileNotFoundError: [Errno 2] No such file or directory: '/home/dev/work/media/stablediffusion/stable-diffusion-webui-ux-arch/models/Lora/Vr4zkar.safetensors'

reading lora /home/dev/work/media/stablediffusion/stable-diffusion-webui-ux-arch/models/Lora/woman877.safetensors: FileNotFoundError
Traceback (most recent call last):
  File "/home/dev/work/media/stablediffusion/stable-diffusion-webui-ux-arch/extensions-builtin/Lora/network.py", line 38, in __init__
    self.metadata = cache.cached_data_for_file('safetensors-metadata', "lora/" + self.name, filename, read_metadata)
  File "/home/dev/work/media/stablediffusion/stable-diffusion-webui-ux-arch/modules/cache.py", line 105, in cached_data_for_file
    ondisk_mtime = os.path.getmtime(filename)
  File "/home/dev/.local/share/uv/python/cpython-3.10.16-linux-x86_64-gnu/lib/python3.10/genericpath.py", line 55, in getmtime
    return os.stat(filename).st_mtime
FileNotFoundError: [Errno 2] No such file or directory: '/home/dev/work/media/stablediffusion/stable-diffusion-webui-ux-arch/models/Lora/woman877.safetensors'

reading lora /home/dev/work/media/stablediffusion/stable-diffusion-webui-ux-arch/models/Lora/Woman877.v2.safetensors: FileNotFoundError
Traceback (most recent call last):
  File "/home/dev/work/media/stablediffusion/stable-diffusion-webui-ux-arch/extensions-builtin/Lora/network.py", line 38, in __init__
    self.metadata = cache.cached_data_for_file('safetensors-metadata', "lora/" + self.name, filename, read_metadata)
  File "/home/dev/work/media/stablediffusion/stable-diffusion-webui-ux-arch/modules/cache.py", line 105, in cached_data_for_file
    ondisk_mtime = os.path.getmtime(filename)
  File "/home/dev/.local/share/uv/python/cpython-3.10.16-linux-x86_64-gnu/lib/python3.10/genericpath.py", line 55, in getmtime
    return os.stat(filename).st_mtime
FileNotFoundError: [Errno 2] No such file or directory: '/home/dev/work/media/stablediffusion/stable-diffusion-webui-ux-arch/models/Lora/Woman877.v2.safetensors'

reading lora /home/dev/work/media/stablediffusion/stable-diffusion-webui-ux-arch/models/Lora/WowifierXL-V2.safetensors: FileNotFoundError
Traceback (most recent call last):
  File "/home/dev/work/media/stablediffusion/stable-diffusion-webui-ux-arch/extensions-builtin/Lora/network.py", line 38, in __init__
    self.metadata = cache.cached_data_for_file('safetensors-metadata', "lora/" + self.name, filename, read_metadata)
  File "/home/dev/work/media/stablediffusion/stable-diffusion-webui-ux-arch/modules/cache.py", line 105, in cached_data_for_file
    ondisk_mtime = os.path.getmtime(filename)
  File "/home/dev/.local/share/uv/python/cpython-3.10.16-linux-x86_64-gnu/lib/python3.10/genericpath.py", line 55, in getmtime
    return os.stat(filename).st_mtime
FileNotFoundError: [Errno 2] No such file or directory: '/home/dev/work/media/stablediffusion/stable-diffusion-webui-ux-arch/models/Lora/WowifierXL-V2.safetensors'

reading lora /home/dev/work/media/stablediffusion/stable-diffusion-webui-ux-arch/models/Lora/YouthfulPonyXL_v1.safetensors: FileNotFoundError
Traceback (most recent call last):
  File "/home/dev/work/media/stablediffusion/stable-diffusion-webui-ux-arch/extensions-builtin/Lora/network.py", line 38, in __init__
    self.metadata = cache.cached_data_for_file('safetensors-metadata', "lora/" + self.name, filename, read_metadata)
  File "/home/dev/work/media/stablediffusion/stable-diffusion-webui-ux-arch/modules/cache.py", line 105, in cached_data_for_file
    ondisk_mtime = os.path.getmtime(filename)
  File "/home/dev/.local/share/uv/python/cpython-3.10.16-linux-x86_64-gnu/lib/python3.10/genericpath.py", line 55, in getmtime
    return os.stat(filename).st_mtime
FileNotFoundError: [Errno 2] No such file or directory: '/home/dev/work/media/stablediffusion/stable-diffusion-webui-ux-arch/models/Lora/YouthfulPonyXL_v1.safetensors'

Module file not found in specified paths: ['extensions-builtin/LORA']
Loading weights [6ce0161689] from /home/dev/work/media/stablediffusion/stable-diffusion-webui-ux-arch/models/Stable-diffusion/v1-5-pruned-emaonly.safetensors
*** Error executing callback ui_tabs_callback for /home/dev/work/media/stablediffusion/stable-diffusion-webui-ux-arch/extensions-builtin/sd-webui-ux/scripts/anapnoe_sd_uiux_db.py
    Traceback (most recent call last):
      File "/home/dev/work/media/stablediffusion/stable-diffusion-webui-ux-arch/modules/script_callbacks.py", line 283, in ui_tabs_callback
        res += c.callback() or []
      File "/home/dev/work/media/stablediffusion/stable-diffusion-webui-ux-arch/extensions-builtin/sd-webui-ux/scripts/anapnoe_sd_uiux_db.py", line 83, in on_ui_tabs
        initialize_tables()
      File "/home/dev/work/media/stablediffusion/stable-diffusion-webui-ux-arch/extensions-builtin/sd-webui-ux/scripts/anapnoe_sd_uiux_db.py", line 76, in initialize_tables
        for _ in generator:
      File "/home/dev/work/media/stablediffusion/stable-diffusion-webui-ux-arch/extensions-builtin/sd-webui-ux/scripts/anapnoe/database_manager.py", line 102, in import_tables_generator
        total_items = sum(len(list(page.list_items()) or []) for page in pages.values())
      File "/home/dev/work/media/stablediffusion/stable-diffusion-webui-ux-arch/extensions-builtin/sd-webui-ux/scripts/anapnoe/database_manager.py", line 102, in <genexpr>
        total_items = sum(len(list(page.list_items()) or []) for page in pages.values())
      File "/home/dev/work/media/stablediffusion/stable-diffusion-webui-ux-arch/extensions-builtin/sd-webui-ux/scripts/anapnoe/db_lora.py", line 119, in list_items
        names = list(networks.available_networks)
    NameError: name 'networks' is not defined

---
Running on local URL:  http://127.0.0.1:7860

To create a public link, set `share=True` in `launch()`.
Creating model from config: /home/dev/work/media/stablediffusion/stable-diffusion-webui-ux-arch/configs/v1-inference.yaml
/home/dev/work/media/stablediffusion/stable-diffusion-webui-ux-arch/.venv/lib/python3.10/site-packages/huggingface_hub/file_download.py:942: FutureWarning: `resume_download` is deprecated and will be removed in version 1.0.0. Downloads always resume when possible. If you want to force a new download, use `force_download=True`.
  warnings.warn(
Applying attention optimization: xformers... done.
Model loaded in 4.3s (load weights from disk: 0.8s, create model: 0.2s, apply weights to model: 3.1s, calculate empty prompt: 0.1s).
[390998:391028:1228/095702.505452:ERROR:chromium/google_apis/gcm/engine/registration_request.cc:292] Registration response error message: DEPRECATED_ENDPOINT
[390998:391170:1228/095723.873385:ERROR:chromium/content/browser/browser_main_loop.cc:288] GLib: g_main_context_pop_thread_default: assertion 'stack != NULL' failed
[390998:391171:1228/095723.873398:ERROR:chromium/content/browser/browser_main_loop.cc:288] GLib: g_main_context_pop_thread_default: assertion 'stack != NULL' failed
[390998:391168:1228/095723.873483:ERROR:chromium/content/browser/browser_main_loop.cc:288] GLib: g_main_context_pop_thread_default: assertion 'stack != NULL' failed
[390998:391169:1228/095723.873511:ERROR:chromium/content/browser/browser_main_loop.cc:288] GLib: g_main_context_pop_thread_default: assertion 'stack != NULL' failed
[390998:391028:1228/095732.369145:ERROR:chromium/google_apis/gcm/engine/registration_request.cc:292] Registration response error message: DEPRECATED_ENDPOINT
[390998:390998:1228/095810.379533:ERROR:CONSOLE:0] "Unchecked runtime.lastError: The browser is shutting down.", source: chrome-extension://mpognobbkildjkofajifpdfhcoklimli/main.html (0)
[390998:390998:1228/095810.379553:ERROR:CONSOLE:0] "Unchecked runtime.lastError: The browser is shutting down.", source: chrome-extension://mpognobbkildjkofajifpdfhcoklimli/main.html (0)
[390998:390998:1228/095810.379561:ERROR:CONSOLE:0] "Unchecked runtime.lastError: The browser is shutting down.", source: chrome-extension://mpognobbkildjkofajifpdfhcoklimli/main.html (0)
[390998:390998:1228/095810.379570:ERROR:CONSOLE:0] "Unchecked runtime.lastError: The browser is shutting down.", source: chrome-extension://mpognobbkildjkofajifpdfhcoklimli/main.html (0)
[390998:390998:1228/095810.379577:ERROR:CONSOLE:0] "Unchecked runtime.lastError: The browser is shutting down.", source: chrome-extension://mpognobbkildjkofajifpdfhcoklimli/main.html (0)
[390998:390998:1228/095810.379583:ERROR:CONSOLE:0] "Unchecked runtime.lastError: The browser is shutting down.", source: chrome-extension://mpognobbkildjkofajifpdfhcoklimli/main.html (0)
[390998:390998:1228/095810.379590:ERROR:CONSOLE:0] "Unchecked runtime.lastError: The browser is shutting down.", source: chrome-extension://mpognobbkildjkofajifpdfhcoklimli/main.html (0)
[390998:390998:1228/095810.379597:ERROR:CONSOLE:0] "Unchecked runtime.lastError: The browser is shutting down.", source: chrome-extension://mpognobbkildjkofajifpdfhcoklimli/main.html (0)
[390998:390998:1228/095810.379603:ERROR:CONSOLE:0] "Unchecked runtime.lastError: The browser is shutting down.", source: chrome-extension://mpognobbkildjkofajifpdfhcoklimli/main.html (0)
[390998:390998:1228/095810.379609:ERROR:CONSOLE:0] "Unchecked runtime.lastError: The browser is shutting down.", source: chrome-extension://mpognobbkildjkofajifpdfhcoklimli/main.html (0)
[390998:390998:1228/095810.379616:ERROR:CONSOLE:0] "Unchecked runtime.lastError: The browser is shutting down.", source: chrome-extension://mpognobbkildjkofajifpdfhcoklimli/main.html (0)
[390998:390998:1228/095810.379626:ERROR:CONSOLE:0] "Unchecked runtime.lastError: The browser is shutting down.", source: chrome-extension://mpognobbkildjkofajifpdfhcoklimli/main.html (0)
[390998:390998:1228/095810.379633:ERROR:CONSOLE:0] "Unchecked runtime.lastError: The browser is shutting down.", source: chrome-extension://mpognobbkildjkofajifpdfhcoklimli/main.html (0)
[390998:390998:1228/095810.379639:ERROR:CONSOLE:0] "Unchecked runtime.lastError: The browser is shutting down.", source: chrome-extension://mpognobbkildjkofajifpdfhcoklimli/main.html (0)
[390998:390998:1228/095810.379648:ERROR:CONSOLE:0] "Unchecked runtime.lastError: The browser is shutting down.", source: chrome-extension://mpognobbkildjkofajifpdfhcoklimli/main.html (0)
[390998:390998:1228/095810.379654:ERROR:CONSOLE:0] "Unchecked runtime.lastError: The browser is shutting down.", source: chrome-extension://mpognobbkildjkofajifpdfhcoklimli/main.html (0)
[390998:390998:1228/095810.379661:ERROR:CONSOLE:0] "Unchecked runtime.lastError: The browser is shutting down.", source: chrome-extension://mpognobbkildjkofajifpdfhcoklimli/main.html (0)
[390998:390998:1228/095810.379667:ERROR:CONSOLE:0] "Unchecked runtime.lastError: The browser is shutting down.", source: chrome-extension://mpognobbkildjkofajifpdfhcoklimli/main.html (0)
[390998:390998:1228/095810.379674:ERROR:CONSOLE:0] "Unchecked runtime.lastError: The browser is shutting down.", source: chrome-extension://mpognobbkildjkofajifpdfhcoklimli/main.html (0)
[390998:390998:1228/095810.379683:ERROR:CONSOLE:0] "Unchecked runtime.lastError: The browser is shutting down.", source: chrome-extension://mpognobbkildjkofajifpdfhcoklimli/main.html (0)
[390998:390998:1228/095810.379691:ERROR:CONSOLE:0] "Unchecked runtime.lastError: The browser is shutting down.", source: chrome-extension://mpognobbkildjkofajifpdfhcoklimli/main.html (0)
[390998:390998:1228/095810.379697:ERROR:CONSOLE:0] "Unchecked runtime.lastError: The browser is shutting down.", source: chrome-extension://mpognobbkildjkofajifpdfhcoklimli/main.html (0)
[390998:390998:1228/095810.379705:ERROR:CONSOLE:0] "Unchecked runtime.lastError: The browser is shutting down.", source: chrome-extension://mpognobbkildjkofajifpdfhcoklimli/main.html (0)
[390998:390998:1228/095810.379711:ERROR:CONSOLE:0] "Unchecked runtime.lastError: The browser is shutting down.", source: chrome-extension://mpognobbkildjkofajifpdfhcoklimli/main.html (0)
[390998:390998:1228/095810.379717:ERROR:CONSOLE:0] "Unchecked runtime.lastError: The browser is shutting down.", source: chrome-extension://mpognobbkildjkofajifpdfhcoklimli/main.html (0)
[390998:390998:1228/095810.379723:ERROR:CONSOLE:0] "Unchecked runtime.lastError: The browser is shutting down.", source: chrome-extension://mpognobbkildjkofajifpdfhcoklimli/main.html (0)
[390998:390998:1228/095810.379731:ERROR:CONSOLE:0] "Unchecked runtime.lastError: The browser is shutting down.", source: chrome-extension://mpognobbkildjkofajifpdfhcoklimli/main.html (0)
[390998:390998:1228/095810.379737:ERROR:CONSOLE:0] "Unchecked runtime.lastError: The browser is shutting down.", source: chrome-extension://mpognobbkildjkofajifpdfhcoklimli/main.html (0)
[390998:390998:1228/095810.379751:ERROR:CONSOLE:0] "Unchecked runtime.lastError: The browser is shutting down.", source: chrome-extension://mpognobbkildjkofajifpdfhcoklimli/main.html (0)
[390998:390998:1228/095810.379762:ERROR:CONSOLE:0] "Unchecked runtime.lastError: The browser is shutting down.", source: chrome-extension://mpognobbkildjkofajifpdfhcoklimli/main.html (0)
[390998:390998:1228/095810.379770:ERROR:CONSOLE:0] "Unchecked runtime.lastError: The browser is shutting down.", source: chrome-extension://mpognobbkildjkofajifpdfhcoklimli/main.html (0)
[390998:390998:1228/095810.379776:ERROR:CONSOLE:0] "Unchecked runtime.lastError: The browser is shutting down.", source: chrome-extension://mpognobbkildjkofajifpdfhcoklimli/main.html (0)
[390998:390998:1228/095810.379782:ERROR:CONSOLE:0] "Unchecked runtime.lastError: The browser is shutting down.", source: chrome-extension://mpognobbkildjkofajifpdfhcoklimli/main.html (0)
[390998:390998:1228/095810.379788:ERROR:CONSOLE:0] "Unchecked runtime.lastError: The browser is shutting down.", source: chrome-extension://mpognobbkildjkofajifpdfhcoklimli/main.html (0)
[390998:390998:1228/095810.379794:ERROR:CONSOLE:0] "Unchecked runtime.lastError: The browser is shutting down.", source: chrome-extension://mpognobbkildjkofajifpdfhcoklimli/main.html (0)
[390998:390998:1228/095810.379800:ERROR:CONSOLE:0] "Unchecked runtime.lastError: The browser is shutting down.", source: chrome-extension://mpognobbkildjkofajifpdfhcoklimli/main.html (0)
[390998:390998:1228/095810.379806:ERROR:CONSOLE:0] "Unchecked runtime.lastError: The browser is shutting down.", source: chrome-extension://mpognobbkildjkofajifpdfhcoklimli/main.html (0)
[390998:390998:1228/095810.379813:ERROR:CONSOLE:0] "Unchecked runtime.lastError: The browser is shutting down.", source: chrome-extension://mpognobbkildjkofajifpdfhcoklimli/main.html (0)
[390998:390998:1228/095810.379821:ERROR:CONSOLE:0] "Unchecked runtime.lastError: The browser is shutting down.", source: chrome-extension://mpognobbkildjkofajifpdfhcoklimli/main.html (0)
[390998:390998:1228/095810.379827:ERROR:CONSOLE:0] "Unchecked runtime.lastError: The browser is shutting down.", source: chrome-extension://mpognobbkildjkofajifpdfhcoklimli/main.html (0)
[390998:390998:1228/095810.379834:ERROR:CONSOLE:0] "Unchecked runtime.lastError: The browser is shutting down.", source: chrome-extension://mpognobbkildjkofajifpdfhcoklimli/main.html (0)
[390998:390998:1228/095810.379839:ERROR:CONSOLE:0] "Unchecked runtime.lastError: The browser is shutting down.", source: chrome-extension://mpognobbkildjkofajifpdfhcoklimli/main.html (0)
[390998:390998:1228/095810.379846:ERROR:CONSOLE:0] "Unchecked runtime.lastError: The browser is shutting down.", source: chrome-extension://mpognobbkildjkofajifpdfhcoklimli/main.html (0)
[390998:390998:1228/095810.379853:ERROR:CONSOLE:0] "Unchecked runtime.lastError: The browser is shutting down.", source: chrome-extension://mpognobbkildjkofajifpdfhcoklimli/main.html (0)
[390998:390998:1228/095810.379861:ERROR:CONSOLE:0] "Unchecked runtime.lastError: The browser is shutting down.", source: chrome-extension://mpognobbkildjkofajifpdfhcoklimli/main.html (0)
[390998:390998:1228/095810.379868:ERROR:CONSOLE:0] "Unchecked runtime.lastError: The browser is shutting down.", source: chrome-extension://mpognobbkildjkofajifpdfhcoklimli/main.html (0)
[390998:390998:1228/095810.379874:ERROR:CONSOLE:0] "Unchecked runtime.lastError: The browser is shutting down.", source: chrome-extension://mpognobbkildjkofajifpdfhcoklimli/main.html (0)
[390998:390998:1228/095810.379880:ERROR:CONSOLE:0] "Unchecked runtime.lastError: The browser is shutting down.", source: chrome-extension://mpognobbkildjkofajifpdfhcoklimli/main.html (0)
[390998:390998:1228/095810.379886:ERROR:CONSOLE:0] "Unchecked runtime.lastError: The browser is shutting down.", source: chrome-extension://mpognobbkildjkofajifpdfhcoklimli/main.html (0)
[390998:390998:1228/095810.384775:ERROR:CONSOLE:0] "Unchecked runtime.lastError: The browser is shutting down.", source: chrome-extension://mpognobbkildjkofajifpdfhcoklimli/main.html (0)
[390998:391036:1228/095810.472365:ERROR:chromium/content/browser/browser_main_loop.cc:288] GLib: g_main_context_pop_thread_default: assertion 'stack != NULL' failed
Startup time: 83.4s (prepare environment: 1.4s, import torch: 1.8s, import gradio: 0.5s, setup paths: 0.8s, import ldm: 0.1s, initialize shared: 0.2s, other imports: 0.2s, load scripts: 0.7s, create ui: 0.5s, gradio launch: 77.2s).
